indeksy RDNg dla okresu od;2016-01-01;do;2020-01-19;

data dostawy;indeks;kurs (PLN/MWh);wolumen (MWh)
2016-01-02;TGEgasDA;72.07;120048.00
2016-01-03;TGEgasDA;70.97;111120.00
2016-01-04;TGEgasDA;72.21;158400.00
2016-01-05;TGEgasDA;73.73;216288.00
2016-01-06;TGEgasDA;74.75;196752.00
2016-01-07;TGEgasDA;74.85;176688.00
2016-01-08;TGEgasDA;74.24;158208.00
2016-01-09;TGEgasDA;73.25;125352.00
2016-01-10;TGEgasDA;73.95;23688.00
2016-01-11;TGEgasDA;76.68;89040.00
2016-01-12;TGEgasDA;76.73;83856.00
2016-01-13;TGEgasDA;76.32;82464.00
2016-01-14;TGEgasDA;73.93;89736.00
2016-01-15;TGEgasDA;72.90;90792.00
2016-01-16;TGEgasDA;71.17;210984.00
2016-01-17;TGEgasDA;72.98;18936.00
2016-01-18;TGEgasDA;73.86;94704.00
2016-01-19;TGEgasDA;72.22;133272.00
2016-01-20;TGEgasDA;72.57;116472.00
2016-01-21;TGEgasDA;68.76;121320.00
2016-01-22;TGEgasDA;68.54;177192.00
2016-01-23;TGEgasDA;69.24;109632.00
2016-01-24;TGEgasDA;69.51;21576.00
2016-01-25;TGEgasDA;70.54;78288.00
2016-01-26;TGEgasDA;69.04;64656.00
2016-01-27;TGEgasDA;66.02;38784.00
2016-01-28;TGEgasDA;66.77;31824.00
2016-01-29;TGEgasDA;67.66;37992.00
2016-01-30;TGEgasDA;61.39;30336.00
2016-01-31;TGEgasDA;62.04;4680.00
2016-02-01;TGEgasDA;63.93;34680.00
2016-02-02;TGEgasDA;63.49;47208.00
2016-02-03;TGEgasDA;62.12;48456.00
2016-02-04;TGEgasDA;63.58;57960.00
2016-02-05;TGEgasDA;63.53;75768.00
2016-02-06;TGEgasDA;62.99;84024.00
2016-02-07;TGEgasDA;60.27;4488.00
2016-02-08;TGEgasDA;64.27;37920.00
2016-02-09;TGEgasDA;62.49;42672.00
2016-02-10;TGEgasDA;63.68;41616.00
2016-02-11;TGEgasDA;62.15;42480.00
2016-02-12;TGEgasDA;63.83;57168.00
2016-02-13;TGEgasDA;64.40;84888.00
2016-02-14;TGEgasDA;62.17;5688.00
2016-02-15;TGEgasDA;66.62;20376.00
2016-02-16;TGEgasDA;64.67;40584.00
2016-02-17;TGEgasDA;65.98;34512.00
2016-02-18;TGEgasDA;64.75;44328.00
2016-02-19;TGEgasDA;64.04;47376.00
2016-02-20;TGEgasDA;62.62;83496.00
2016-02-21;TGEgasDA;60.21;7584.00
2016-02-22;TGEgasDA;62.57;40848.00
2016-02-23;TGEgasDA;62.97;53592.00
2016-02-24;TGEgasDA;63.50;43776.00
2016-02-25;TGEgasDA;62.41;76920.00
2016-02-26;TGEgasDA;60.86;79512.00
2016-02-27;TGEgasDA;61.45;108168.00
2016-02-28;TGEgasDA;61.48;11184.00
2016-02-29;TGEgasDA;63.59;69288.00
2016-03-01;TGEgasDA;62.55;84888.00
2016-03-02;TGEgasDA;62.36;83448.00
2016-03-02;TGEsgtDA;-;-
2016-03-03;TGEgasDA;62.49;77592.00
2016-03-03;TGEsgtDA;-;-
2016-03-04;TGEgasDA;61.65;59040.00
2016-03-04;TGEsgtDA;-;-
2016-03-05;TGEgasDA;60.85;46584.00
2016-03-05;TGEsgtDA;-;-
2016-03-06;TGEgasDA;61.75;4824.00
2016-03-06;TGEsgtDA;-;-
2016-03-07;TGEgasDA;63.11;37008.00
2016-03-07;TGEsgtDA;-;-
2016-03-08;TGEgasDA;60.74;69672.00
2016-03-08;TGEsgtDA;-;-
2016-03-09;TGEgasDA;60.87;56232.00
2016-03-09;TGEsgtDA;-;-
2016-03-10;TGEgasDA;60.55;52944.00
2016-03-10;TGEsgtDA;-;-
2016-03-11;TGEgasDA;60.31;41040.00
2016-03-11;TGEsgtDA;-;-
2016-03-12;TGEgasDA;59.47;44352.00
2016-03-12;TGEsgtDA;-;-
2016-03-13;TGEgasDA;61.29;16512.00
2016-03-13;TGEsgtDA;-;-
2016-03-14;TGEgasDA;62.25;55536.00
2016-03-14;TGEsgtDA;-;-
2016-03-15;TGEgasDA;61.91;64704.00
2016-03-15;TGEsgtDA;-;-
2016-03-16;TGEgasDA;60.57;73872.00
2016-03-16;TGEsgtDA;-;-
2016-03-17;TGEgasDA;61.30;75288.00
2016-03-17;TGEsgtDA;-;-
2016-03-18;TGEgasDA;60.46;52872.00
2016-03-18;TGEsgtDA;-;-
2016-03-19;TGEgasDA;59.89;82296.00
2016-03-19;TGEsgtDA;-;-
2016-03-20;TGEgasDA;59.91;5424.00
2016-03-20;TGEsgtDA;-;-
2016-03-21;TGEgasDA;60.99;56712.00
2016-03-21;TGEsgtDA;-;-
2016-03-22;TGEgasDA;59.41;78672.00
2016-03-22;TGEsgtDA;-;-
2016-03-23;TGEgasDA;58.34;73992.00
2016-03-23;TGEsgtDA;-;-
2016-03-24;TGEgasDA;58.01;74952.00
2016-03-24;TGEsgtDA;-;-
2016-03-25;TGEgasDA;58.21;98529.00
2016-03-25;TGEsgtDA;-;-
2016-03-26;TGEgasDA;57.33;27917.00
2016-03-26;TGEsgtDA;-;-
2016-03-27;TGEgasDA;52.46;18528.00
2016-03-27;TGEsgtDA;-;-
2016-03-28;TGEgasDA;52.82;47640.00
2016-03-28;TGEsgtDA;-;-
2016-03-29;TGEgasDA;56.57;41952.00
2016-03-29;TGEsgtDA;-;-
2016-03-30;TGEgasDA;57.09;43032.00
2016-03-30;TGEsgtDA;-;-
2016-03-31;TGEgasDA;56.34;29712.00
2016-03-31;TGEsgtDA;-;-
2016-04-01;TGEgasDA;58.16;136416.00
2016-04-01;TGEsgtDA;-;-
2016-04-02;TGEgasDA;57.76;135432.00
2016-04-02;TGEsgtDA;-;-
2016-04-03;TGEgasDA;57.39;37560.00
2016-04-03;TGEsgtDA;-;-
2016-04-04;TGEgasDA;58.03;51984.00
2016-04-04;TGEsgtDA;-;-
2016-04-05;TGEgasDA;56.87;60096.00
2016-04-05;TGEsgtDA;-;-
2016-04-06;TGEgasDA;55.74;56544.00
2016-04-06;TGEsgtDA;-;-
2016-04-07;TGEgasDA;56.05;52032.00
2016-04-07;TGEsgtDA;-;-
2016-04-08;TGEgasDA;56.76;54024.00
2016-04-08;TGEsgtDA;-;-
2016-04-09;TGEgasDA;56.47;90168.00
2016-04-09;TGEsgtDA;-;-
2016-04-10;TGEgasDA;59.47;18648.00
2016-04-10;TGEsgtDA;-;-
2016-04-11;TGEgasDA;62.74;71568.00
2016-04-11;TGEsgtDA;-;-
2016-04-12;TGEgasDA;57.07;69408.00
2016-04-12;TGEsgtDA;-;-
2016-04-13;TGEgasDA;59.44;52152.00
2016-04-13;TGEsgtDA;-;-
2016-04-14;TGEgasDA;59.12;71784.00
2016-04-14;TGEsgtDA;-;-
2016-04-15;TGEgasDA;58.46;90768.00
2016-04-15;TGEsgtDA;-;-
2016-04-16;TGEgasDA;57.69;88944.00
2016-04-16;TGEsgtDA;-;-
2016-04-17;TGEgasDA;55.89;3096.00
2016-04-17;TGEsgtDA;-;-
2016-04-18;TGEgasDA;59.44;65976.00
2016-04-18;TGEsgtDA;-;-
2016-04-19;TGEgasDA;59.11;78768.00
2016-04-19;TGEsgtDA;-;-
2016-04-20;TGEgasDA;59.71;80424.00
2016-04-20;TGEsgtDA;-;-
2016-04-21;TGEgasDA;62.19;80496.00
2016-04-21;TGEsgtDA;-;-
2016-04-22;TGEgasDA;64.69;68496.00
2016-04-22;TGEsgtDA;-;-
2016-04-23;TGEgasDA;65.16;122256.00
2016-04-23;TGEsgtDA;-;-
2016-04-24;TGEgasDA;66.83;16512.00
2016-04-24;TGEsgtDA;-;-
2016-04-25;TGEgasDA;69.40;82200.00
2016-04-25;TGEsgtDA;-;-
2016-04-26;TGEgasDA;68.11;74952.00
2016-04-26;TGEsgtDA;-;-
2016-04-27;TGEgasDA;69.35;91128.00
2016-04-27;TGEsgtDA;-;-
2016-04-28;TGEgasDA;72.51;76176.00
2016-04-28;TGEsgtDA;-;-
2016-04-29;TGEgasDA;68.82;67224.00
2016-04-29;TGEsgtDA;-;-
2016-04-30;TGEgasDA;62.44;46032.00
2016-04-30;TGEsgtDA;-;-
2016-05-01;TGEgasDA;64.15;34104.00
2016-05-01;TGEsgtDA;-;-
2016-05-02;TGEgasDA;66.00;60480.00
2016-05-02;TGEsgtDA;-;-
2016-05-03;TGEgasDA;62.96;40992.00
2016-05-03;TGEsgtDA;-;-
2016-05-04;TGEgasDA;61.22;47376.00
2016-05-04;TGEsgtDA;-;-
2016-05-05;TGEgasDA;61.36;50232.00
2016-05-05;TGEsgtDA;-;-
2016-05-06;TGEgasDA;63.00;40872.00
2016-05-06;TGEsgtDA;-;-
2016-05-07;TGEgasDA;61.97;27048.00
2016-05-07;TGEsgtDA;-;-
2016-05-08;TGEgasDA;59.95;9264.00
2016-05-08;TGEsgtDA;-;-
2016-05-09;TGEgasDA;60.59;25224.00
2016-05-09;TGEsgtDA;-;-
2016-05-10;TGEgasDA;63.72;23016.00
2016-05-10;TGEsgtDA;-;-
2016-05-11;TGEgasDA;62.21;28680.00
2016-05-11;TGEsgtDA;-;-
2016-05-12;TGEgasDA;62.23;24984.00
2016-05-12;TGEsgtDA;-;-
2016-05-13;TGEgasDA;63.97;24288.00
2016-05-13;TGEsgtDA;-;-
2016-05-14;TGEgasDA;62.42;30120.00
2016-05-14;TGEsgtDA;-;-
2016-05-15;TGEgasDA;61.93;13632.00
2016-05-15;TGEsgtDA;-;-
2016-05-16;TGEgasDA;62.87;35328.00
2016-05-16;TGEsgtDA;-;-
2016-05-17;TGEgasDA;61.71;42864.00
2016-05-17;TGEsgtDA;-;-
2016-05-18;TGEgasDA;62.21;50376.00
2016-05-18;TGEsgtDA;-;-
2016-05-19;TGEgasDA;62.44;43824.00
2016-05-19;TGEsgtDA;-;-
2016-05-20;TGEgasDA;62.10;22608.00
2016-05-20;TGEsgtDA;-;-
2016-05-21;TGEgasDA;59.69;32712.00
2016-05-21;TGEsgtDA;-;-
2016-05-22;TGEgasDA;55.42;8352.00
2016-05-22;TGEsgtDA;-;-
2016-05-23;TGEgasDA;61.06;17952.00
2016-05-23;TGEsgtDA;-;-
2016-05-24;TGEgasDA;62.11;17592.00
2016-05-24;TGEsgtDA;-;-
2016-05-25;TGEgasDA;62.48;17880.00
2016-05-25;TGEsgtDA;-;-
2016-05-26;TGEgasDA;56.94;21768.00
2016-05-26;TGEsgtDA;-;-
2016-05-27;TGEgasDA;57.73;21192.00
2016-05-27;TGEsgtDA;-;-
2016-05-28;TGEgasDA;60.13;58176.00
2016-05-28;TGEsgtDA;-;-
2016-05-29;TGEgasDA;59.66;7992.00
2016-05-29;TGEsgtDA;-;-
2016-05-30;TGEgasDA;62.67;20016.00
2016-05-30;TGEsgtDA;-;-
2016-05-31;TGEgasDA;65.43;27648.00
2016-05-31;TGEsgtDA;-;-
2016-06-01;TGEgasDA;65.65;25608.00
2016-06-01;TGEsgtDA;-;-
2016-06-02;TGEgasDA;64.88;28440.00
2016-06-02;TGEsgtDA;-;-
2016-06-03;TGEgasDA;66.91;20592.00
2016-06-03;TGEsgtDA;-;-
2016-06-04;TGEgasDA;64.68;13704.00
2016-06-04;TGEsgtDA;-;-
2016-06-05;TGEgasDA;62.27;3936.00
2016-06-05;TGEsgtDA;-;-
2016-06-06;TGEgasDA;66.31;20688.00
2016-06-06;TGEsgtDA;-;-
2016-06-07;TGEgasDA;65.64;24168.00
2016-06-07;TGEsgtDA;-;-
2016-06-08;TGEgasDA;66.72;23472.00
2016-06-08;TGEsgtDA;-;-
2016-06-09;TGEgasDA;66.79;28560.00
2016-06-09;TGEsgtDA;-;-
2016-06-10;TGEgasDA;64.54;25992.00
2016-06-10;TGEsgtDA;-;-
2016-06-11;TGEgasDA;63.25;20808.00
2016-06-11;TGEsgtDA;-;-
2016-06-12;TGEgasDA;62.49;6528.00
2016-06-12;TGEsgtDA;-;-
2016-06-13;TGEgasDA;63.10;25752.00
2016-06-13;TGEsgtDA;-;-
2016-06-14;TGEgasDA;62.93;30984.00
2016-06-14;TGEsgtDA;-;-
2016-06-15;TGEgasDA;63.38;25416.00
2016-06-15;TGEsgtDA;-;-
2016-06-16;TGEgasDA;65.44;24600.00
2016-06-16;TGEsgtDA;-;-
2016-06-17;TGEgasDA;64.64;21864.00
2016-06-17;TGEsgtDA;-;-
2016-06-18;TGEgasDA;64.52;17040.00
2016-06-18;TGEsgtDA;-;-
2016-06-19;TGEgasDA;59.14;7080.00
2016-06-19;TGEsgtDA;-;-
2016-06-20;TGEgasDA;64.39;8088.00
2016-06-20;TGEsgtDA;-;-
2016-06-21;TGEgasDA;67.57;15384.00
2016-06-21;TGEsgtDA;-;-
2016-06-22;TGEgasDA;67.86;19944.00
2016-06-22;TGEsgtDA;-;-
2016-06-23;TGEgasDA;69.32;15048.00
2016-06-23;TGEsgtDA;-;-
2016-06-24;TGEgasDA;68.49;13152.00
2016-06-24;TGEsgtDA;-;-
2016-06-25;TGEgasDA;66.42;17472.00
2016-06-25;TGEsgtDA;-;-
2016-06-26;TGEgasDA;63.84;8424.00
2016-06-26;TGEsgtDA;-;-
2016-06-27;TGEgasDA;68.40;17568.00
2016-06-27;TGEsgtDA;-;-
2016-06-28;TGEgasDA;66.80;20640.00
2016-06-28;TGEsgtDA;-;-
2016-06-29;TGEgasDA;66.27;18696.00
2016-06-29;TGEsgtDA;-;-
2016-06-30;TGEgasDA;66.84;16992.00
2016-06-30;TGEsgtDA;-;-
2016-07-01;TGEgasDA;66.66;18336.00
2016-07-01;TGEsgtDA;-;-
2016-07-02;TGEgasDA;60.46;21888.00
2016-07-02;TGEsgtDA;-;-
2016-07-03;TGEgasDA;61.99;3192.00
2016-07-03;TGEsgtDA;-;-
2016-07-04;TGEgasDA;65.95;18288.00
2016-07-04;TGEsgtDA;-;-
2016-07-05;TGEgasDA;68.03;19704.00
2016-07-05;TGEsgtDA;-;-
2016-07-06;TGEgasDA;66.75;22944.00
2016-07-06;TGEsgtDA;-;-
2016-07-07;TGEgasDA;65.55;20352.00
2016-07-07;TGEsgtDA;-;-
2016-07-08;TGEgasDA;66.76;19728.00
2016-07-08;TGEsgtDA;-;-
2016-07-09;TGEgasDA;64.11;20856.00
2016-07-09;TGEsgtDA;-;-
2016-07-10;TGEgasDA;62.26;2688.00
2016-07-10;TGEsgtDA;-;-
2016-07-11;TGEgasDA;66.42;18648.00
2016-07-11;TGEsgtDA;-;-
2016-07-12;TGEgasDA;64.91;15888.00
2016-07-12;TGEsgtDA;-;-
2016-07-13;TGEgasDA;65.65;18048.00
2016-07-13;TGEsgtDA;-;-
2016-07-14;TGEgasDA;65.72;19440.00
2016-07-14;TGEsgtDA;-;-
2016-07-15;TGEgasDA;66.02;21912.00
2016-07-15;TGEsgtDA;-;-
2016-07-16;TGEgasDA;65.43;24144.00
2016-07-16;TGEsgtDA;-;-
2016-07-17;TGEgasDA;61.43;4344.00
2016-07-17;TGEsgtDA;-;-
2016-07-18;TGEgasDA;65.95;19008.00
2016-07-18;TGEsgtDA;-;-
2016-07-19;TGEgasDA;65.97;45408.00
2016-07-19;TGEsgtDA;-;-
2016-07-20;TGEgasDA;65.85;65616.00
2016-07-20;TGEsgtDA;-;-
2016-07-21;TGEgasDA;70.43;26712.00
2016-07-21;TGEsgtDA;-;-
2016-07-22;TGEgasDA;71.44;40872.00
2016-07-22;TGEsgtDA;-;-
2016-07-23;TGEgasDA;71.27;72624.00
2016-07-23;TGEsgtDA;-;-
2016-07-24;TGEgasDA;68.85;5520.00
2016-07-24;TGEsgtDA;-;-
2016-07-25;TGEgasDA;71.89;31920.00
2016-07-25;TGEsgtDA;-;-
2016-07-26;TGEgasDA;72.06;31272.00
2016-07-26;TGEsgtDA;-;-
2016-07-27;TGEgasDA;70.61;35256.00
2016-07-27;TGEsgtDA;-;-
2016-07-28;TGEgasDA;70.55;30456.00
2016-07-28;TGEsgtDA;-;-
2016-07-29;TGEgasDA;70.50;31776.00
2016-07-29;TGEsgtDA;-;-
2016-07-30;TGEgasDA;66.93;30768.00
2016-07-30;TGEsgtDA;-;-
2016-07-31;TGEgasDA;66.48;9216.00
2016-07-31;TGEsgtDA;-;-
2016-08-01;TGEgasDA;67.16;13488.00
2016-08-01;TGEsgtDA;-;-
2016-08-02;TGEgasDA;66.44;14640.00
2016-08-02;TGEsgtDA;-;-
2016-08-03;TGEgasDA;66.16;23736.00
2016-08-03;TGEsgtDA;-;-
2016-08-04;TGEgasDA;65.22;19896.00
2016-08-04;TGEsgtDA;-;-
2016-08-05;TGEgasDA;64.45;14688.00
2016-08-05;TGEsgtDA;-;-
2016-08-06;TGEgasDA;61.73;19128.00
2016-08-06;TGEsgtDA;-;-
2016-08-07;TGEgasDA;57.23;8016.00
2016-08-07;TGEsgtDA;-;-
2016-08-08;TGEgasDA;62.21;17904.00
2016-08-08;TGEsgtDA;-;-
2016-08-09;TGEgasDA;62.87;18816.00
2016-08-09;TGEsgtDA;-;-
2016-08-10;TGEgasDA;63.00;28992.00
2016-08-10;TGEsgtDA;-;-
2016-08-11;TGEgasDA;62.89;29952.00
2016-08-11;TGEsgtDA;-;-
2016-08-12;TGEgasDA;61.16;30384.00
2016-08-12;TGEsgtDA;-;-
2016-08-13;TGEgasDA;59.12;23952.00
2016-08-13;TGEsgtDA;-;-
2016-08-14;TGEgasDA;53.19;5880.00
2016-08-14;TGEsgtDA;-;-
2016-08-15;TGEgasDA;55.76;12240.00
2016-08-15;TGEsgtDA;-;-
2016-08-16;TGEgasDA;56.47;21696.00
2016-08-16;TGEsgtDA;-;-
2016-08-17;TGEgasDA;57.94;26448.00
2016-08-17;TGEsgtDA;-;-
2016-08-18;TGEgasDA;58.25;31464.00
2016-08-18;TGEsgtDA;-;-
2016-08-19;TGEgasDA;58.64;28152.00
2016-08-19;TGEsgtDA;-;-
2016-08-20;TGEgasDA;54.96;31416.00
2016-08-20;TGEsgtDA;-;-
2016-08-21;TGEgasDA;51.39;6504.00
2016-08-21;TGEsgtDA;-;-
2016-08-22;TGEgasDA;58.53;24456.00
2016-08-22;TGEsgtDA;-;-
2016-08-23;TGEgasDA;59.00;26328.00
2016-08-23;TGEsgtDA;-;-
2016-08-24;TGEgasDA;61.74;27648.00
2016-08-24;TGEsgtDA;-;-
2016-08-25;TGEgasDA;60.07;28296.00
2016-08-25;TGEsgtDA;-;-
2016-08-26;TGEgasDA;58.76;27216.00
2016-08-26;TGEsgtDA;-;-
2016-08-27;TGEgasDA;55.36;19080.00
2016-08-27;TGEsgtDA;-;-
2016-08-28;TGEgasDA;51.45;6528.00
2016-08-28;TGEsgtDA;-;-
2016-08-29;TGEgasDA;61.01;22176.00
2016-08-29;TGEsgtDA;-;-
2016-08-30;TGEgasDA;62.40;29304.00
2016-08-30;TGEsgtDA;-;-
2016-08-31;TGEgasDA;62.57;40464.00
2016-08-31;TGEsgtDA;-;-
2016-09-01;TGEgasDA;61.54;11856.00
2016-09-01;TGEsgtDA;-;-
2016-09-02;TGEgasDA;60.52;9432.00
2016-09-02;TGEsgtDA;-;-
2016-09-03;TGEgasDA;58.18;44952.00
2016-09-03;TGEsgtDA;-;-
2016-09-04;TGEgasDA;54.92;5712.00
2016-09-04;TGEsgtDA;-;-
2016-09-05;TGEgasDA;60.41;8856.00
2016-09-05;TGEsgtDA;-;-
2016-09-06;TGEgasDA;60.82;8832.00
2016-09-06;TGEsgtDA;-;-
2016-09-07;TGEgasDA;60.00;11160.00
2016-09-07;TGEsgtDA;-;-
2016-09-08;TGEgasDA;57.92;11568.00
2016-09-08;TGEsgtDA;-;-
2016-09-09;TGEgasDA;54.09;33504.00
2016-09-09;TGEsgtDA;-;-
2016-09-10;TGEgasDA;51.52;50952.00
2016-09-10;TGEsgtDA;-;-
2016-09-11;TGEgasDA;49.61;7584.00
2016-09-11;TGEsgtDA;-;-
2016-09-12;TGEgasDA;52.97;12744.00
2016-09-12;TGEsgtDA;-;-
2016-09-13;TGEgasDA;50.58;8136.00
2016-09-13;TGEsgtDA;-;-
2016-09-14;TGEgasDA;53.16;6192.00
2016-09-14;TGEsgtDA;-;-
2016-09-15;TGEgasDA;56.93;13152.00
2016-09-15;TGEsgtDA;-;-
2016-09-16;TGEgasDA;54.88;11544.00
2016-09-16;TGEsgtDA;-;-
2016-09-17;TGEgasDA;52.19;32712.00
2016-09-17;TGEsgtDA;-;-
2016-09-18;TGEgasDA;51.03;4704.00
2016-09-18;TGEsgtDA;-;-
2016-09-19;TGEgasDA;57.51;6792.00
2016-09-19;TGEsgtDA;-;-
2016-09-20;TGEgasDA;60.08;20592.00
2016-09-20;TGEsgtDA;-;-
2016-09-21;TGEgasDA;62.74;20496.00
2016-09-21;TGEsgtDA;-;-
2016-09-22;TGEgasDA;61.13;26928.00
2016-09-22;TGEsgtDA;-;-
2016-09-23;TGEgasDA;65.83;25392.00
2016-09-23;TGEsgtDA;-;-
2016-09-24;TGEgasDA;62.21;27192.00
2016-09-24;TGEsgtDA;-;-
2016-09-25;TGEgasDA;61.84;9936.00
2016-09-25;TGEsgtDA;-;-
2016-09-26;TGEgasDA;62.35;37920.00
2016-09-26;TGEsgtDA;-;-
2016-09-27;TGEgasDA;64.96;33216.00
2016-09-27;TGEsgtDA;-;-
2016-09-28;TGEgasDA;65.35;48168.00
2016-09-28;TGEsgtDA;-;-
2016-09-29;TGEgasDA;64.73;43536.00
2016-09-29;TGEsgtDA;-;-
2016-09-30;TGEgasDA;65.15;34008.00
2016-09-30;TGEsgtDA;-;-
2016-10-01;TGEgasDA;55.67;110304.00
2016-10-01;TGEsgtDA;-;-
2016-10-02;TGEgasDA;53.21;11808.00
2016-10-02;TGEsgtDA;-;-
2016-10-03;TGEgasDA;56.03;53256.00
2016-10-03;TGEsgtDA;-;-
2016-10-04;TGEgasDA;60.21;31176.00
2016-10-04;TGEsgtDA;-;-
2016-10-05;TGEgasDA;61.10;20808.00
2016-10-05;TGEsgtDA;-;-
2016-10-06;TGEgasDA;67.00;44280.00
2016-10-06;TGEsgtDA;-;-
2016-10-07;TGEgasDA;71.14;50472.00
2016-10-07;TGEsgtDA;-;-
2016-10-08;TGEgasDA;71.36;76344.00
2016-10-08;TGEsgtDA;-;-
2016-10-09;TGEgasDA;71.91;15384.00
2016-10-09;TGEsgtDA;-;-
2016-10-10;TGEgasDA;73.50;66432.00
2016-10-10;TGEsgtDA;-;-
2016-10-11;TGEgasDA;70.39;69984.00
2016-10-11;TGEsgtDA;-;-
2016-10-12;TGEgasDA;72.14;83496.00
2016-10-12;TGEsgtDA;-;-
2016-10-13;TGEgasDA;73.59;90864.00
2016-10-13;TGEsgtDA;-;-
2016-10-14;TGEgasDA;73.33;81456.00
2016-10-14;TGEsgtDA;-;-
2016-10-15;TGEgasDA;73.45;122400.00
2016-10-15;TGEsgtDA;-;-
2016-10-16;TGEgasDA;71.56;10728.00
2016-10-16;TGEsgtDA;-;-
2016-10-17;TGEgasDA;73.92;69048.00
2016-10-17;TGEsgtDA;-;-
2016-10-18;TGEgasDA;74.85;84192.00
2016-10-18;TGEsgtDA;-;-
2016-10-19;TGEgasDA;76.31;72024.00
2016-10-19;TGEsgtDA;-;-
2016-10-20;TGEgasDA;78.57;67128.00
2016-10-20;TGEsgtDA;-;-
2016-10-21;TGEgasDA;79.82;70200.00
2016-10-21;TGEsgtDA;-;-
2016-10-22;TGEgasDA;77.95;81552.00
2016-10-22;TGEsgtDA;-;-
2016-10-23;TGEgasDA;77.07;12048.00
2016-10-23;TGEsgtDA;-;-
2016-10-24;TGEgasDA;77.41;64296.00
2016-10-24;TGEsgtDA;-;-
2016-10-25;TGEgasDA;80.46;55992.00
2016-10-25;TGEsgtDA;-;-
2016-10-26;TGEgasDA;80.57;65232.00
2016-10-26;TGEsgtDA;-;-
2016-10-27;TGEgasDA;80.88;77088.00
2016-10-27;TGEsgtDA;-;-
2016-10-28;TGEgasDA;80.75;70492.00
2016-10-28;TGEsgtDA;-;-
2016-10-29;TGEgasDA;79.87;121410.00
2016-10-29;TGEsgtDA;-;-
2016-10-30;TGEgasDA;78.07;13536.00
2016-10-30;TGEsgtDA;-;-
2016-10-31;TGEgasDA;79.31;77832.00
2016-10-31;TGEsgtDA;-;-
2016-11-01;TGEgasDA;78.97;68328.00
2016-11-01;TGEsgtDA;-;-
2016-11-02;TGEgasDA;81.87;74568.00
2016-11-02;TGEsgtDA;-;-
2016-11-03;TGEgasDA;84.53;95016.00
2016-11-03;TGEsgtDA;-;-
2016-11-04;TGEgasDA;87.89;124488.00
2016-11-04;TGEsgtDA;-;-
2016-11-05;TGEgasDA;83.17;178008.00
2016-11-05;TGEsgtDA;-;-
2016-11-06;TGEgasDA;82.66;6432.00
2016-11-06;TGEsgtDA;-;-
2016-11-07;TGEgasDA;84.61;89040.00
2016-11-07;TGEsgtDA;-;-
2016-11-08;TGEgasDA;84.60;101952.00
2016-11-08;TGEsgtDA;-;-
2016-11-09;TGEgasDA;80.46;124512.00
2016-11-09;TGEsgtDA;-;-
2016-11-10;TGEgasDA;82.52;133896.00
2016-11-10;TGEsgtDA;-;-
2016-11-11;TGEgasDA;83.99;241488.00
2016-11-11;TGEsgtDA;-;-
2016-11-12;TGEgasDA;85.00;115968.00
2016-11-12;TGEsgtDA;-;-
2016-11-13;TGEgasDA;86.11;13584.00
2016-11-13;TGEsgtDA;-;-
2016-11-14;TGEgasDA;87.00;123240.00
2016-11-14;TGEsgtDA;-;-
2016-11-15;TGEgasDA;83.52;146136.00
2016-11-15;TGEsgtDA;-;-
2016-11-16;TGEgasDA;83.28;116448.00
2016-11-16;TGEsgtDA;-;-
2016-11-17;TGEgasDA;84.26;108168.00
2016-11-17;TGEsgtDA;-;-
2016-11-18;TGEgasDA;81.45;71136.00
2016-11-18;TGEsgtDA;-;-
2016-11-19;TGEgasDA;83.75;78624.00
2016-11-19;TGEsgtDA;-;-
2016-11-20;TGEgasDA;82.81;5280.00
2016-11-20;TGEsgtDA;-;-
2016-11-21;TGEgasDA;84.57;43848.00
2016-11-21;TGEsgtDA;-;-
2016-11-22;TGEgasDA;81.41;53136.00
2016-11-22;TGEsgtDA;-;-
2016-11-23;TGEgasDA;82.33;55848.00
2016-11-23;TGEsgtDA;-;-
2016-11-24;TGEgasDA;82.95;74640.00
2016-11-24;TGEsgtDA;-;-
2016-11-25;TGEgasDA;83.09;126744.00
2016-11-25;TGEsgtDA;-;-
2016-11-26;TGEgasDA;83.66;123744.00
2016-11-26;TGEsgtDA;-;-
2016-11-27;TGEgasDA;83.40;18312.00
2016-11-27;TGEsgtDA;-;-
2016-11-28;TGEgasDA;83.96;108120.00
2016-11-28;TGEsgtDA;-;-
2016-11-29;TGEgasDA;84.97;146112.00
2016-11-29;TGEsgtDA;-;-
2016-11-30;TGEgasDA;85.48;152328.00
2016-11-30;TGEsgtDA;-;-
2016-12-01;TGEgasDA;85.34;89856.00
2016-12-01;TGEsgtDA;-;-
2016-12-02;TGEgasDA;85.05;236424.00
2016-12-02;TGEsgtDA;-;-
2016-12-03;TGEgasDA;85.27;59328.00
2016-12-03;TGEsgtDA;-;-
2016-12-04;TGEgasDA;84.14;10320.00
2016-12-04;TGEsgtDA;-;-
2016-12-05;TGEgasDA;85.04;112704.00
2016-12-05;TGEsgtDA;-;-
2016-12-06;TGEgasDA;84.60;124344.00
2016-12-06;TGEsgtDA;-;-
2016-12-07;TGEgasDA;81.46;128952.00
2016-12-07;TGEsgtDA;-;-
2016-12-08;TGEgasDA;79.38;80280.00
2016-12-08;TGEsgtDA;-;-
2016-12-09;TGEgasDA;78.15;70944.00
2016-12-09;TGEsgtDA;-;-
2016-12-10;TGEgasDA;80.76;28104.00
2016-12-10;TGEsgtDA;-;-
2016-12-11;TGEgasDA;79.72;13776.00
2016-12-11;TGEsgtDA;-;-
2016-12-12;TGEgasDA;82.00;71904.00
2016-12-12;TGEsgtDA;-;-
2016-12-13;TGEgasDA;84.62;101160.00
2016-12-13;TGEsgtDA;-;-
2016-12-14;TGEgasDA;83.60;127128.00
2016-12-14;TGEsgtDA;-;-
2016-12-15;TGEgasDA;83.11;139176.00
2016-12-15;TGEsgtDA;-;-
2016-12-16;TGEgasDA;83.94;285240.00
2016-12-16;TGEsgtDA;-;-
2016-12-17;TGEgasDA;83.36;66936.00
2016-12-17;TGEsgtDA;-;-
2016-12-18;TGEgasDA;82.95;7008.00
2016-12-18;TGEsgtDA;-;-
2016-12-19;TGEgasDA;84.93;107496.00
2016-12-19;TGEsgtDA;-;-
2016-12-20;TGEgasDA;84.01;116160.00
2016-12-20;TGEsgtDA;-;-
2016-12-21;TGEgasDA;85.32;102216.00
2016-12-21;TGEsgtDA;-;-
2016-12-22;TGEgasDA;84.93;101688.00
2016-12-22;TGEsgtDA;-;-
2016-12-23;TGEgasDA;85.85;96384.00
2016-12-23;TGEsgtDA;-;-
2016-12-24;TGEgasDA;85.72;64800.00
2016-12-24;TGEsgtDA;-;-
2016-12-25;TGEgasDA;83.57;6408.00
2016-12-25;TGEsgtDA;-;-
2016-12-26;TGEgasDA;85.16;40968.00
2016-12-26;TGEsgtDA;-;-
2016-12-27;TGEgasDA;86.00;68592.00
2016-12-27;TGEsgtDA;-;-
2016-12-28;TGEgasDA;87.08;117096.00
2016-12-28;TGEsgtDA;-;-
2016-12-29;TGEgasDA;88.93;129552.00
2016-12-29;TGEsgtDA;-;-
2016-12-30;TGEgasDA;91.02;149688.00
2016-12-30;TGEsgtDA;-;-
2016-12-31;TGEgasDA;93.16;127464.00
2016-12-31;TGEsgtDA;-;-
2017-01-01;TGEgasDA;88.65;18048.00
2017-01-01;TGEsgtDA;-;-
2017-01-02;TGEgasDA;93.69;81000.00
2017-01-02;TGEsgtDA;-;-
2017-01-03;TGEgasDA;92.23;99552.00
2017-01-03;TGEsgtDA;-;-
2017-01-04;TGEgasDA;88.91;118152.00
2017-01-04;TGEsgtDA;-;-
2017-01-05;TGEgasDA;89.38;161256.00
2017-01-05;TGEsgtDA;-;-
2017-01-06;TGEgasDA;91.00;497160.00
2017-01-06;TGEsgtDA;-;-
2017-01-07;TGEgasDA;90.34;97176.00
2017-01-07;TGEsgtDA;-;-
2017-01-08;TGEgasDA;90.24;50832.00
2017-01-08;TGEsgtDA;-;-
2017-01-09;TGEgasDA;94.01;203040.00
2017-01-09;TGEsgtDA;-;-
2017-01-10;TGEgasDA;92.87;210840.00
2017-01-10;TGEsgtDA;-;-
2017-01-11;TGEgasDA;93.33;192672.00
2017-01-11;TGEsgtDA;-;-
2017-01-12;TGEgasDA;93.75;137688.00
2017-01-12;TGEsgtDA;-;-
2017-01-13;TGEgasDA;98.53;160536.00
2017-01-13;TGEsgtDA;-;-
2017-01-14;TGEgasDA;96.92;105576.00
2017-01-14;TGEsgtDA;-;-
2017-01-15;TGEgasDA;95.92;26016.00
2017-01-15;TGEsgtDA;-;-
2017-01-16;TGEgasDA;96.00;116352.00
2017-01-16;TGEsgtDA;-;-
2017-01-17;TGEgasDA;91.51;132336.00
2017-01-17;TGEsgtDA;-;-
2017-01-18;TGEgasDA;91.28;139584.00
2017-01-18;TGEsgtDA;-;-
2017-01-19;TGEgasDA;93.56;148224.00
2017-01-19;TGEsgtDA;-;-
2017-01-20;TGEgasDA;95.00;121632.00
2017-01-20;TGEsgtDA;-;-
2017-01-21;TGEgasDA;95.65;146784.00
2017-01-21;TGEsgtDA;-;-
2017-01-22;TGEgasDA;95.43;1512.00
2017-01-22;TGEsgtDA;-;-
2017-01-23;TGEgasDA;99.09;67200.00
2017-01-23;TGEsgtDA;-;-
2017-01-24;TGEgasDA;100.84;72864.00
2017-01-24;TGEsgtDA;-;-
2017-01-25;TGEgasDA;100.41;62112.00
2017-01-25;TGEsgtDA;-;-
2017-01-26;TGEgasDA;97.54;94464.00
2017-01-26;TGEsgtDA;-;-
2017-01-27;TGEgasDA;94.95;138720.00
2017-01-27;TGEsgtDA;-;-
2017-01-28;TGEgasDA;89.32;99240.00
2017-01-28;TGEsgtDA;-;-
2017-01-29;TGEgasDA;91.87;29880.00
2017-01-29;TGEsgtDA;-;-
2017-01-30;TGEgasDA;91.76;118032.00
2017-01-30;TGEsgtDA;-;-
2017-01-31;TGEgasDA;92.03;122496.00
2017-01-31;TGEsgtDA;-;-
2017-02-01;TGEgasDA;96.54;117912.00
2017-02-01;TGEsgtDA;-;-
2017-02-02;TGEgasDA;100.26;117576.00
2017-02-02;TGEsgtDA;-;-
2017-02-03;TGEgasDA;102.32;108768.00
2017-02-03;TGEsgtDA;-;-
2017-02-04;TGEgasDA;102.52;138504.00
2017-02-04;TGEsgtDA;-;-
2017-02-05;TGEgasDA;102.13;6120.00
2017-02-05;TGEsgtDA;-;-
2017-02-06;TGEgasDA;102.66;85128.00
2017-02-06;TGEsgtDA;-;-
2017-02-07;TGEgasDA;101.78;123936.00
2017-02-07;TGEsgtDA;-;-
2017-02-08;TGEgasDA;98.61;163368.00
2017-02-08;TGEsgtDA;-;-
2017-02-09;TGEgasDA;95.92;156840.00
2017-02-09;TGEsgtDA;-;-
2017-02-10;TGEgasDA;93.82;236592.00
2017-02-10;TGEsgtDA;-;-
2017-02-11;TGEgasDA;91.63;125664.00
2017-02-11;TGEsgtDA;-;-
2017-02-12;TGEgasDA;91.97;23040.00
2017-02-12;TGEsgtDA;-;-
2017-02-13;TGEgasDA;92.56;155808.00
2017-02-13;TGEsgtDA;-;-
2017-02-14;TGEgasDA;91.36;131256.00
2017-02-14;TGEsgtDA;-;-
2017-02-15;TGEgasDA;89.51;106008.00
2017-02-15;TGEsgtDA;-;-
2017-02-16;TGEgasDA;87.62;60600.00
2017-02-16;TGEsgtDA;-;-
2017-02-17;TGEgasDA;88.01;41520.00
2017-02-17;TGEsgtDA;-;-
2017-02-18;TGEgasDA;84.63;36312.00
2017-02-18;TGEsgtDA;-;-
2017-02-19;TGEgasDA;84.90;6744.00
2017-02-19;TGEsgtDA;-;-
2017-02-20;TGEgasDA;85.97;39288.00
2017-02-20;TGEsgtDA;-;-
2017-02-21;TGEgasDA;85.43;35880.00
2017-02-21;TGEsgtDA;-;-
2017-02-22;TGEgasDA;83.80;17016.00
2017-02-22;TGEsgtDA;-;-
2017-02-23;TGEgasDA;81.74;22056.00
2017-02-23;TGEsgtDA;-;-
2017-02-24;TGEgasDA;84.01;30792.00
2017-02-24;TGEsgtDA;-;-
2017-02-25;TGEgasDA;83.27;52104.00
2017-02-25;TGEsgtDA;-;-
2017-02-26;TGEgasDA;83.19;3120.00
2017-02-26;TGEsgtDA;-;-
2017-02-27;TGEgasDA;81.88;23376.00
2017-02-27;TGEsgtDA;-;-
2017-02-28;TGEgasDA;80.43;19800.00
2017-02-28;TGEsgtDA;-;-
2017-03-01;TGEgasDA;80.96;62688.00
2017-03-01;TGEsgtDA;-;-
2017-03-02;TGEgasDA;77.96;79776.00
2017-03-02;TGEsgtDA;-;-
2017-03-03;TGEgasDA;78.94;73992.00
2017-03-03;TGEsgtDA;-;-
2017-03-04;TGEgasDA;76.60;58392.00
2017-03-04;TGEsgtDA;-;-
2017-03-05;TGEgasDA;72.04;1728.00
2017-03-05;TGEsgtDA;-;-
2017-03-06;TGEgasDA;78.47;52344.00
2017-03-06;TGEsgtDA;-;-
2017-03-07;TGEgasDA;77.93;80112.00
2017-03-07;TGEsgtDA;-;-
2017-03-08;TGEgasDA;79.32;71544.00
2017-03-08;TGEsgtDA;-;-
2017-03-09;TGEgasDA;78.18;79608.00
2017-03-09;TGEsgtDA;-;-
2017-03-10;TGEgasDA;76.49;75288.00
2017-03-10;TGEsgtDA;-;-
2017-03-11;TGEgasDA;77.08;130392.00
2017-03-11;TGEsgtDA;-;-
2017-03-12;TGEgasDA;76.52;20040.00
2017-03-12;TGEsgtDA;-;-
2017-03-13;TGEgasDA;76.60;102192.00
2017-03-13;TGEsgtDA;-;-
2017-03-14;TGEgasDA;75.67;109296.00
2017-03-14;TGEsgtDA;-;-
2017-03-15;TGEgasDA;75.97;86160.00
2017-03-15;TGEsgtDA;-;-
2017-03-16;TGEgasDA;76.33;78768.00
2017-03-16;TGEsgtDA;-;-
2017-03-17;TGEgasDA;75.30;65472.00
2017-03-17;TGEsgtDA;-;-
2017-03-18;TGEgasDA;74.11;98040.00
2017-03-18;TGEsgtDA;-;-
2017-03-19;TGEgasDA;73.00;14184.00
2017-03-19;TGEsgtDA;-;-
2017-03-20;TGEgasDA;74.83;52512.00
2017-03-20;TGEsgtDA;-;-
2017-03-21;TGEgasDA;73.61;50496.00
2017-03-21;TGEsgtDA;-;-
2017-03-22;TGEgasDA;72.68;58608.00
2017-03-22;TGEsgtDA;-;-
2017-03-23;TGEgasDA;71.94;57288.00
2017-03-23;TGEsgtDA;-;-
2017-03-24;TGEgasDA;72.22;61244.00
2017-03-24;TGEsgtDA;-;-
2017-03-25;TGEgasDA;70.90;95370.00
2017-03-25;TGEsgtDA;-;-
2017-03-26;TGEgasDA;69.83;14904.00
2017-03-26;TGEsgtDA;-;-
2017-03-27;TGEgasDA;70.48;46872.00
2017-03-27;TGEsgtDA;-;-
2017-03-28;TGEgasDA;69.26;20880.00
2017-03-28;TGEsgtDA;-;-
2017-03-29;TGEgasDA;68.31;17400.00
2017-03-29;TGEsgtDA;-;-
2017-03-30;TGEgasDA;68.12;12600.00
2017-03-30;TGEsgtDA;-;-
2017-03-31;TGEgasDA;65.02;34752.00
2017-03-31;TGEsgtDA;-;-
2017-04-01;TGEgasDA;72.41;29208.00
2017-04-01;TGEsgtDA;-;-
2017-04-02;TGEgasDA;64.07;16200.00
2017-04-02;TGEsgtDA;-;-
2017-04-03;TGEgasDA;72.20;15264.00
2017-04-03;TGEsgtDA;-;-
2017-04-04;TGEgasDA;73.25;11112.00
2017-04-04;TGEsgtDA;-;-
2017-04-05;TGEgasDA;74.63;23304.00
2017-04-05;TGEsgtDA;-;-
2017-04-06;TGEgasDA;74.95;39768.00
2017-04-06;TGEsgtDA;-;-
2017-04-07;TGEgasDA;74.50;45960.00
2017-04-07;TGEsgtDA;-;-
2017-04-08;TGEgasDA;75.09;62304.00
2017-04-08;TGEsgtDA;-;-
2017-04-09;TGEgasDA;72.47;4512.00
2017-04-09;TGEsgtDA;-;-
2017-04-10;TGEgasDA;74.07;26472.00
2017-04-10;TGEsgtDA;-;-
2017-04-11;TGEgasDA;73.60;64320.00
2017-04-11;TGEsgtDA;-;-
2017-04-12;TGEgasDA;72.85;75240.00
2017-04-12;TGEsgtDA;-;-
2017-04-13;TGEgasDA;73.50;76488.00
2017-04-13;TGEsgtDA;-;-
2017-04-14;TGEgasDA;73.62;86880.00
2017-04-14;TGEsgtDA;-;-
2017-04-15;TGEgasDA;72.98;105264.00
2017-04-15;TGEsgtDA;-;-
2017-04-16;TGEgasDA;73.01;15384.00
2017-04-16;TGEsgtDA;-;-
2017-04-17;TGEgasDA;73.10;61992.00
2017-04-17;TGEsgtDA;-;-
2017-04-18;TGEgasDA;75.85;90264.00
2017-04-18;TGEsgtDA;-;-
2017-04-19;TGEgasDA;79.98;128376.00
2017-04-19;TGEsgtDA;-;-
2017-04-20;TGEgasDA;81.44;158448.00
2017-04-20;TGEsgtDA;-;-
2017-04-21;TGEgasDA;80.20;135024.00
2017-04-21;TGEsgtDA;-;-
2017-04-22;TGEgasDA;78.78;190416.00
2017-04-22;TGEsgtDA;-;-
2017-04-23;TGEgasDA;77.99;16776.00
2017-04-23;TGEsgtDA;-;-
2017-04-24;TGEgasDA;78.63;103464.00
2017-04-24;TGEsgtDA;-;-
2017-04-25;TGEgasDA;80.56;83472.00
2017-04-25;TGEsgtDA;-;-
2017-04-26;TGEgasDA;79.33;82392.00
2017-04-26;TGEsgtDA;-;-
2017-04-27;TGEgasDA;79.51;91128.00
2017-04-27;TGEsgtDA;-;-
2017-04-28;TGEgasDA;79.41;104856.00
2017-04-28;TGEsgtDA;-;-
2017-04-29;TGEgasDA;78.72;119880.00
2017-04-29;TGEsgtDA;-;-
2017-04-30;TGEgasDA;78.52;32280.00
2017-04-30;TGEsgtDA;-;-
2017-05-01;TGEgasDA;80.01;83520.00
2017-05-01;TGEsgtDA;-;-
2017-05-02;TGEgasDA;78.23;66072.00
2017-05-02;TGEsgtDA;-;-
2017-05-03;TGEgasDA;79.57;55344.00
2017-05-03;TGEsgtDA;-;-
2017-05-04;TGEgasDA;78.61;88344.00
2017-05-04;TGEsgtDA;-;-
2017-05-05;TGEgasDA;77.05;88848.00
2017-05-05;TGEsgtDA;-;-
2017-05-06;TGEgasDA;75.57;91008.00
2017-05-06;TGEsgtDA;-;-
2017-05-07;TGEgasDA;73.39;12408.00
2017-05-07;TGEsgtDA;-;-
2017-05-08;TGEgasDA;78.21;93552.00
2017-05-08;TGEsgtDA;-;-
2017-05-09;TGEgasDA;74.60;129288.00
2017-05-09;TGEsgtDA;-;-
2017-05-10;TGEgasDA;76.88;152064.00
2017-05-10;TGEsgtDA;-;-
2017-05-11;TGEgasDA;76.66;114000.00
2017-05-11;TGEsgtDA;-;-
2017-05-12;TGEgasDA;75.75;75240.00
2017-05-12;TGEsgtDA;-;-
2017-05-13;TGEgasDA;73.68;58488.00
2017-05-13;TGEsgtDA;-;-
2017-05-14;TGEgasDA;71.18;9720.00
2017-05-14;TGEsgtDA;-;-
2017-05-15;TGEgasDA;72.96;32208.00
2017-05-15;TGEsgtDA;-;-
2017-05-16;TGEgasDA;73.10;40968.00
2017-05-16;TGEsgtDA;-;-
2017-05-17;TGEgasDA;72.96;32304.00
2017-05-17;TGEsgtDA;-;-
2017-05-18;TGEgasDA;71.88;17544.00
2017-05-18;TGEsgtDA;-;-
2017-05-19;TGEgasDA;69.88;20328.00
2017-05-19;TGEsgtDA;-;-
2017-05-20;TGEgasDA;68.06;26568.00
2017-05-20;TGEsgtDA;-;-
2017-05-21;TGEgasDA;65.09;1704.00
2017-05-21;TGEsgtDA;-;-
2017-05-22;TGEgasDA;70.76;13800.00
2017-05-22;TGEsgtDA;-;-
2017-05-23;TGEgasDA;70.43;14736.00
2017-05-23;TGEsgtDA;-;-
2017-05-24;TGEgasDA;70.45;14976.00
2017-05-24;TGEsgtDA;-;-
2017-05-25;TGEgasDA;71.33;37488.00
2017-05-25;TGEsgtDA;-;-
2017-05-26;TGEgasDA;69.81;15288.00
2017-05-26;TGEsgtDA;-;-
2017-05-27;TGEgasDA;69.34;31848.00
2017-05-27;TGEsgtDA;-;-
2017-05-28;TGEgasDA;59.22;11544.00
2017-05-28;TGEsgtDA;-;-
2017-05-29;TGEgasDA;62.60;10752.00
2017-05-29;TGEsgtDA;-;-
2017-05-30;TGEgasDA;67.10;10512.00
2017-05-30;TGEsgtDA;-;-
2017-05-31;TGEgasDA;70.96;11448.00
2017-05-31;TGEsgtDA;-;-
2017-06-01;TGEgasDA;70.58;27768.00
2017-06-01;TGEsgtDA;-;-
2017-06-02;TGEgasDA;69.83;26208.00
2017-06-02;TGEsgtDA;-;-
2017-06-03;TGEgasDA;67.91;27192.00
2017-06-03;TGEsgtDA;-;-
2017-06-04;TGEgasDA;63.44;4056.00
2017-06-04;TGEsgtDA;-;-
2017-06-05;TGEgasDA;67.81;15576.00
2017-06-05;TGEsgtDA;-;-
2017-06-06;TGEgasDA;69.90;18984.00
2017-06-06;TGEsgtDA;-;-
2017-06-07;TGEgasDA;69.33;34080.00
2017-06-07;TGEsgtDA;-;-
2017-06-08;TGEgasDA;68.95;35112.00
2017-06-08;TGEsgtDA;-;-
2017-06-09;TGEgasDA;69.82;18120.00
2017-06-09;TGEsgtDA;-;-
2017-06-10;TGEgasDA;68.83;36120.00
2017-06-10;TGEsgtDA;-;-
2017-06-11;TGEgasDA;62.76;4224.00
2017-06-11;TGEsgtDA;-;-
2017-06-12;TGEgasDA;68.31;14328.00
2017-06-12;TGEsgtDA;-;-
2017-06-13;TGEgasDA;68.74;19536.00
2017-06-13;TGEsgtDA;-;-
2017-06-14;TGEgasDA;68.68;30168.00
2017-06-14;TGEsgtDA;-;-
2017-06-15;TGEgasDA;65.31;23400.00
2017-06-15;TGEsgtDA;-;-
2017-06-16;TGEgasDA;64.55;17088.00
2017-06-16;TGEsgtDA;-;-
2017-06-17;TGEgasDA;66.66;38112.00
2017-06-17;TGEsgtDA;-;-
2017-06-18;TGEgasDA;67.62;3072.00
2017-06-18;TGEsgtDA;-;-
2017-06-19;TGEgasDA;67.77;21624.00
2017-06-19;TGEsgtDA;-;-
2017-06-20;TGEgasDA;68.61;28368.00
2017-06-20;TGEsgtDA;-;-
2017-06-21;TGEgasDA;68.86;22584.00
2017-06-21;TGEsgtDA;-;-
2017-06-22;TGEgasDA;74.34;45624.00
2017-06-22;TGEsgtDA;-;-
2017-06-23;TGEgasDA;68.06;21336.00
2017-06-23;TGEsgtDA;-;-
2017-06-24;TGEgasDA;65.94;35232.00
2017-06-24;TGEsgtDA;-;-
2017-06-25;TGEgasDA;60.94;2448.00
2017-06-25;TGEsgtDA;-;-
2017-06-26;TGEgasDA;67.37;18312.00
2017-06-26;TGEsgtDA;-;-
2017-06-27;TGEgasDA;68.45;19752.00
2017-06-27;TGEsgtDA;-;-
2017-06-28;TGEgasDA;68.98;18696.00
2017-06-28;TGEsgtDA;-;-
2017-06-29;TGEgasDA;69.92;19584.00
2017-06-29;TGEsgtDA;-;-
2017-06-30;TGEgasDA;70.37;16704.00
2017-06-30;TGEsgtDA;-;-
2017-07-01;TGEgasDA;69.35;21288.00
2017-07-01;TGEsgtDA;-;-
2017-07-02;TGEgasDA;69.48;5160.00
2017-07-02;TGEsgtDA;-;-
2017-07-03;TGEgasDA;69.92;28512.00
2017-07-03;TGEsgtDA;-;-
2017-07-04;TGEgasDA;70.53;32592.00
2017-07-04;TGEsgtDA;-;-
2017-07-05;TGEgasDA;71.03;33576.00
2017-07-05;TGEsgtDA;-;-
2017-07-06;TGEgasDA;70.81;35664.00
2017-07-06;TGEsgtDA;-;-
2017-07-07;TGEgasDA;70.49;29016.00
2017-07-07;TGEsgtDA;-;-
2017-07-08;TGEgasDA;69.93;36240.00
2017-07-08;TGEsgtDA;-;-
2017-07-09;TGEgasDA;66.90;1776.00
2017-07-09;TGEsgtDA;-;-
2017-07-10;TGEgasDA;70.47;29112.00
2017-07-10;TGEsgtDA;-;-
2017-07-11;TGEgasDA;69.04;27792.00
2017-07-11;TGEsgtDA;-;-
2017-07-12;TGEgasDA;68.98;30336.00
2017-07-12;TGEsgtDA;-;-
2017-07-13;TGEgasDA;69.01;33840.00
2017-07-13;TGEsgtDA;-;-
2017-07-14;TGEgasDA;68.83;33168.00
2017-07-14;TGEsgtDA;-;-
2017-07-15;TGEgasDA;68.28;33840.00
2017-07-15;TGEsgtDA;-;-
2017-07-16;TGEgasDA;64.94;1584.00
2017-07-16;TGEsgtDA;-;-
2017-07-17;TGEgasDA;68.74;27192.00
2017-07-17;TGEsgtDA;-;-
2017-07-18;TGEgasDA;69.14;31872.00
2017-07-18;TGEsgtDA;-;-
2017-07-19;TGEgasDA;69.30;30072.00
2017-07-19;TGEsgtDA;-;-
2017-07-20;TGEgasDA;68.83;31296.00
2017-07-20;TGEsgtDA;-;-
2017-07-21;TGEgasDA;69.79;23136.00
2017-07-21;TGEsgtDA;-;-
2017-07-22;TGEgasDA;69.48;21336.00
2017-07-22;TGEsgtDA;-;-
2017-07-23;TGEgasDA;66.99;1632.00
2017-07-23;TGEsgtDA;-;-
2017-07-24;TGEgasDA;69.45;14832.00
2017-07-24;TGEsgtDA;-;-
2017-07-25;TGEgasDA;69.77;26784.00
2017-07-25;TGEsgtDA;-;-
2017-07-26;TGEgasDA;69.05;32136.00
2017-07-26;TGEsgtDA;-;-
2017-07-27;TGEgasDA;70.12;28224.00
2017-07-27;TGEsgtDA;-;-
2017-07-28;TGEgasDA;70.27;26088.00
2017-07-28;TGEsgtDA;-;-
2017-07-29;TGEgasDA;69.26;37344.00
2017-07-29;TGEsgtDA;-;-
2017-07-30;TGEgasDA;62.30;9936.00
2017-07-30;TGEsgtDA;-;-
2017-07-31;TGEgasDA;69.01;17616.00
2017-07-31;TGEsgtDA;-;-
2017-08-01;TGEgasDA;69.26;15408.00
2017-08-01;TGEsgtDA;-;-
2017-08-02;TGEgasDA;68.17;15336.00
2017-08-02;TGEsgtDA;-;-
2017-08-03;TGEgasDA;68.20;13344.00
2017-08-03;TGEsgtDA;-;-
2017-08-04;TGEgasDA;68.56;12936.00
2017-08-04;TGEsgtDA;-;-
2017-08-05;TGEgasDA;65.85;33840.00
2017-08-05;TGEsgtDA;-;-
2017-08-06;TGEgasDA;64.12;9456.00
2017-08-06;TGEsgtDA;-;-
2017-08-07;TGEgasDA;69.66;13920.00
2017-08-07;TGEsgtDA;-;-
2017-08-08;TGEgasDA;70.43;16128.00
2017-08-08;TGEsgtDA;-;-
2017-08-09;TGEgasDA;71.43;19656.00
2017-08-09;TGEsgtDA;-;-
2017-08-10;TGEgasDA;72.02;18600.00
2017-08-10;TGEsgtDA;-;-
2017-08-11;TGEgasDA;73.70;14424.00
2017-08-11;TGEsgtDA;-;-
2017-08-12;TGEgasDA;72.23;22800.00
2017-08-12;TGEsgtDA;-;-
2017-08-13;TGEgasDA;70.90;5760.00
2017-08-13;TGEsgtDA;-;-
2017-08-14;TGEgasDA;72.28;16056.00
2017-08-14;TGEsgtDA;-;-
2017-08-15;TGEgasDA;70.17;19536.00
2017-08-15;TGEsgtDA;-;-
2017-08-16;TGEgasDA;72.46;16248.00
2017-08-16;TGEsgtDA;-;-
2017-08-17;TGEgasDA;73.03;17016.00
2017-08-17;TGEsgtDA;-;-
2017-08-18;TGEgasDA;74.24;19224.00
2017-08-18;TGEsgtDA;-;-
2017-08-19;TGEgasDA;73.99;27000.00
2017-08-19;TGEsgtDA;-;-
2017-08-20;TGEgasDA;73.46;3552.00
2017-08-20;TGEsgtDA;-;-
2017-08-21;TGEgasDA;73.99;18960.00
2017-08-21;TGEsgtDA;-;-
2017-08-22;TGEgasDA;74.98;25680.00
2017-08-22;TGEsgtDA;-;-
2017-08-23;TGEgasDA;74.14;32136.00
2017-08-23;TGEsgtDA;-;-
2017-08-24;TGEgasDA;75.05;40752.00
2017-08-24;TGEsgtDA;-;-
2017-08-25;TGEgasDA;75.44;36504.00
2017-08-25;TGEsgtDA;-;-
2017-08-26;TGEgasDA;74.10;23904.00
2017-08-26;TGEsgtDA;-;-
2017-08-27;TGEgasDA;71.81;3984.00
2017-08-27;TGEsgtDA;-;-
2017-08-28;TGEgasDA;76.16;29136.00
2017-08-28;TGEsgtDA;-;-
2017-08-29;TGEgasDA;74.65;29784.00
2017-08-29;TGEsgtDA;-;-
2017-08-30;TGEgasDA;74.86;32424.00
2017-08-30;TGEsgtDA;-;-
2017-08-31;TGEgasDA;75.66;28080.00
2017-08-31;TGEsgtDA;-;-
2017-09-01;TGEgasDA;75.13;11616.00
2017-09-01;TGEsgtDA;-;-
2017-09-02;TGEgasDA;74.09;25104.00
2017-09-02;TGEsgtDA;-;-
2017-09-03;TGEgasDA;72.57;3888.00
2017-09-03;TGEsgtDA;-;-
2017-09-04;TGEgasDA;74.59;17904.00
2017-09-04;TGEsgtDA;-;-
2017-09-05;TGEgasDA;74.19;22032.00
2017-09-05;TGEsgtDA;-;-
2017-09-06;TGEgasDA;75.93;28488.00
2017-09-06;TGEsgtDA;-;-
2017-09-07;TGEgasDA;77.22;31104.00
2017-09-07;TGEsgtDA;-;-
2017-09-08;TGEgasDA;76.75;26592.00
2017-09-08;TGEsgtDA;-;-
2017-09-09;TGEgasDA;76.22;43632.00
2017-09-09;TGEsgtDA;-;-
2017-09-10;TGEgasDA;72.75;2832.00
2017-09-10;TGEsgtDA;-;-
2017-09-11;TGEgasDA;75.95;16656.00
2017-09-11;TGEsgtDA;-;-
2017-09-12;TGEgasDA;78.85;22392.00
2017-09-12;TGEsgtDA;-;-
2017-09-13;TGEgasDA;79.97;22248.00
2017-09-13;TGEsgtDA;-;-
2017-09-14;TGEgasDA;81.03;27168.00
2017-09-14;TGEsgtDA;-;-
2017-09-15;TGEgasDA;83.16;27984.00
2017-09-15;TGEsgtDA;-;-
2017-09-16;TGEgasDA;81.47;19104.00
2017-09-16;TGEsgtDA;-;-
2017-09-17;TGEgasDA;81.10;5688.00
2017-09-17;TGEsgtDA;-;-
2017-09-18;TGEgasDA;82.15;34464.00
2017-09-18;TGEsgtDA;-;-
2017-09-19;TGEgasDA;82.52;40896.00
2017-09-19;TGEsgtDA;-;-
2017-09-20;TGEgasDA;82.60;51144.00
2017-09-20;TGEsgtDA;-;-
2017-09-21;TGEgasDA;81.90;59856.00
2017-09-21;TGEsgtDA;-;-
2017-09-22;TGEgasDA;80.33;60672.00
2017-09-22;TGEsgtDA;-;-
2017-09-23;TGEgasDA;79.28;86760.00
2017-09-23;TGEsgtDA;-;-
2017-09-24;TGEgasDA;78.13;5712.00
2017-09-24;TGEsgtDA;-;-
2017-09-25;TGEgasDA;79.23;58512.00
2017-09-25;TGEsgtDA;-;-
2017-09-26;TGEgasDA;81.00;58320.00
2017-09-26;TGEsgtDA;-;-
2017-09-27;TGEgasDA;83.15;66408.00
2017-09-27;TGEsgtDA;-;-
2017-09-28;TGEgasDA;82.57;71808.00
2017-09-28;TGEsgtDA;-;-
2017-09-29;TGEgasDA;83.42;68232.00
2017-09-29;TGEsgtDA;-;-
2017-09-30;TGEgasDA;82.43;68784.00
2017-09-30;TGEsgtDA;-;-
2017-10-01;TGEgasDA;74.98;39528.00
2017-10-01;TGEsgtDA;-;-
2017-10-02;TGEgasDA;73.64;18744.00
2017-10-02;TGEsgtDA;-;-
2017-10-03;TGEgasDA;77.68;15072.00
2017-10-03;TGEsgtDA;-;-
2017-10-04;TGEgasDA;80.50;18912.00
2017-10-04;TGEsgtDA;-;-
2017-10-05;TGEgasDA;82.57;26352.00
2017-10-05;TGEsgtDA;-;-
2017-10-06;TGEgasDA;83.39;30936.00
2017-10-06;TGEsgtDA;-;-
2017-10-07;TGEgasDA;81.86;44160.00
2017-10-07;TGEsgtDA;-;-
2017-10-08;TGEgasDA;83.50;2784.00
2017-10-08;TGEsgtDA;-;-
2017-10-09;TGEgasDA;84.72;41352.00
2017-10-09;TGEsgtDA;-;-
2017-10-10;TGEgasDA;86.27;50184.00
2017-10-10;TGEsgtDA;-;-
2017-10-11;TGEgasDA;85.89;55632.00
2017-10-11;TGEsgtDA;-;-
2017-10-12;TGEgasDA;83.53;32976.00
2017-10-12;TGEsgtDA;-;-
2017-10-13;TGEgasDA;81.46;31320.00
2017-10-13;TGEsgtDA;-;-
2017-10-14;TGEgasDA;73.59;81360.00
2017-10-14;TGEsgtDA;-;-
2017-10-15;TGEgasDA;70.11;19248.00
2017-10-15;TGEsgtDA;-;-
2017-10-16;TGEgasDA;77.02;18120.00
2017-10-16;TGEsgtDA;-;-
2017-10-17;TGEgasDA;74.95;28944.00
2017-10-17;TGEsgtDA;-;-
2017-10-18;TGEgasDA;71.30;36672.00
2017-10-18;TGEsgtDA;-;-
2017-10-19;TGEgasDA;74.78;29400.00
2017-10-19;TGEsgtDA;-;-
2017-10-20;TGEgasDA;75.83;33432.00
2017-10-20;TGEsgtDA;-;-
2017-10-21;TGEgasDA;75.88;64224.00
2017-10-21;TGEsgtDA;-;-
2017-10-22;TGEgasDA;76.39;13896.00
2017-10-22;TGEsgtDA;-;-
2017-10-23;TGEgasDA;78.51;39312.00
2017-10-23;TGEsgtDA;-;-
2017-10-24;TGEgasDA;79.93;64176.00
2017-10-24;TGEsgtDA;-;-
2017-10-25;TGEgasDA;80.73;52656.00
2017-10-25;TGEsgtDA;-;-
2017-10-26;TGEgasDA;80.70;33960.00
2017-10-26;TGEsgtDA;-;-
2017-10-27;TGEgasDA;81.28;64488.00
2017-10-27;TGEsgtDA;-;-
2017-10-28;TGEgasDA;78.89;79666.00
2017-10-28;TGEsgtDA;-;-
2017-10-29;TGEgasDA;79.93;15480.00
2017-10-29;TGEsgtDA;-;-
2017-10-30;TGEgasDA;82.55;96432.00
2017-10-30;TGEsgtDA;-;-
2017-10-31;TGEgasDA;83.97;117744.00
2017-10-31;TGEsgtDA;-;-
2017-11-01;TGEgasDA;86.32;45144.00
2017-11-01;TGEsgtDA;-;-
2017-11-02;TGEgasDA;86.01;10536.00
2017-11-02;TGEsgtDA;-;-
2017-11-03;TGEgasDA;86.10;7200.00
2017-11-03;TGEsgtDA;-;-
2017-11-04;TGEgasDA;77.58;23136.00
2017-11-04;TGEsgtDA;-;-
2017-11-05;TGEgasDA;77.00;17760.00
2017-11-05;TGEsgtDA;-;-
2017-11-06;TGEgasDA;85.93;11208.00
2017-11-06;TGEsgtDA;-;-
2017-11-07;TGEgasDA;88.69;16608.00
2017-11-07;TGEsgtDA;-;-
2017-11-08;TGEgasDA;90.91;32760.00
2017-11-08;TGEsgtDA;-;-
2017-11-09;TGEgasDA;90.80;39480.00
2017-11-09;TGEsgtDA;-;-
2017-11-10;TGEgasDA;91.01;28632.00
2017-11-10;TGEsgtDA;-;-
2017-11-11;TGEgasDA;86.99;23016.00
2017-11-11;TGEsgtDA;-;-
2017-11-12;TGEgasDA;90.58;15840.00
2017-11-12;TGEsgtDA;-;-
2017-11-13;TGEgasDA;92.00;63120.00
2017-11-13;TGEsgtDA;-;-
2017-11-14;TGEgasDA;93.11;87192.00
2017-11-14;TGEsgtDA;-;-
2017-11-15;TGEgasDA;92.21;84960.00
2017-11-15;TGEsgtDA;-;-
2017-11-16;TGEgasDA;90.34;74304.00
2017-11-16;TGEsgtDA;-;-
2017-11-17;TGEgasDA;91.67;77688.00
2017-11-17;TGEsgtDA;-;-
2017-11-18;TGEgasDA;89.91;102720.00
2017-11-18;TGEsgtDA;-;-
2017-11-19;TGEgasDA;89.51;12624.00
2017-11-19;TGEsgtDA;-;-
2017-11-20;TGEgasDA;91.38;91608.00
2017-11-20;TGEsgtDA;-;-
2017-11-21;TGEgasDA;91.47;108384.00
2017-11-21;TGEsgtDA;-;-
2017-11-22;TGEgasDA;92.96;104736.00
2017-11-22;TGEsgtDA;-;-
2017-11-23;TGEgasDA;92.54;59760.00
2017-11-23;TGEsgtDA;-;-
2017-11-24;TGEgasDA;93.04;60912.00
2017-11-24;TGEsgtDA;-;-
2017-11-25;TGEgasDA;94.39;38352.00
2017-11-25;TGEsgtDA;-;-
2017-11-26;TGEgasDA;93.80;34728.00
2017-11-26;TGEsgtDA;-;-
2017-11-27;TGEgasDA;93.61;86784.00
2017-11-27;TGEsgtDA;-;-
2017-11-28;TGEgasDA;96.88;104208.00
2017-11-28;TGEsgtDA;-;-
2017-11-29;TGEgasDA;95.35;125904.00
2017-11-29;TGEsgtDA;-;-
2017-11-30;TGEgasDA;95.00;127296.00
2017-11-30;TGEsgtDA;-;-
2017-12-01;TGEgasDA;94.98;89040.00
2017-12-01;TGEsgtDA;-;-
2017-12-02;TGEgasDA;95.66;108192.00
2017-12-02;TGEsgtDA;-;-
2017-12-03;TGEgasDA;95.43;23640.00
2017-12-03;TGEsgtDA;-;-
2017-12-04;TGEgasDA;95.95;72624.00
2017-12-04;TGEsgtDA;-;-
2017-12-05;TGEgasDA;98.76;80688.00
2017-12-05;TGEsgtDA;-;-
2017-12-06;TGEgasDA;98.27;49488.00
2017-12-06;TGEsgtDA;-;-
2017-12-07;TGEgasDA;96.96;47448.00
2017-12-07;TGEsgtDA;-;-
2017-12-08;TGEgasDA;97.62;41040.00
2017-12-08;TGEsgtDA;-;-
2017-12-09;TGEgasDA;97.17;72960.00
2017-12-09;TGEsgtDA;-;-
2017-12-10;TGEgasDA;96.63;12120.00
2017-12-10;TGEsgtDA;-;-
2017-12-11;TGEgasDA;97.27;21336.00
2017-12-11;TGEsgtDA;-;-
2017-12-12;TGEgasDA;96.52;19104.00
2017-12-12;TGEsgtDA;-;-
2017-12-13;TGEgasDA;105.10;34608.00
2017-12-13;TGEsgtDA;-;-
2017-12-14;TGEgasDA;97.75;53952.00
2017-12-14;TGEsgtDA;-;-
2017-12-15;TGEgasDA;93.98;63216.00
2017-12-15;TGEsgtDA;-;-
2017-12-16;TGEgasDA;96.92;80016.00
2017-12-16;TGEsgtDA;-;-
2017-12-17;TGEgasDA;97.01;35232.00
2017-12-17;TGEsgtDA;-;-
2017-12-18;TGEgasDA;100.00;99168.00
2017-12-18;TGEsgtDA;-;-
2017-12-19;TGEgasDA;97.09;119064.00
2017-12-19;TGEsgtDA;-;-
2017-12-20;TGEgasDA;93.65;123600.00
2017-12-20;TGEsgtDA;-;-
2017-12-21;TGEgasDA;92.32;101664.00
2017-12-21;TGEsgtDA;-;-
2017-12-22;TGEgasDA;92.32;78696.00
2017-12-22;TGEsgtDA;-;-
2017-12-23;TGEgasDA;89.08;43416.00
2017-12-23;TGEsgtDA;-;-
2017-12-24;TGEgasDA;80.77;20640.00
2017-12-24;TGEsgtDA;-;-
2017-12-25;TGEgasDA;80.71;22344.00
2017-12-25;TGEsgtDA;-;-
2017-12-26;TGEgasDA;79.70;34176.00
2017-12-26;TGEsgtDA;-;-
2017-12-27;TGEgasDA;88.69;11520.00
2017-12-27;TGEsgtDA;-;-
2017-12-28;TGEgasDA;88.94;16368.00
2017-12-28;TGEsgtDA;-;-
2017-12-29;TGEgasDA;89.84;40728.00
2017-12-29;TGEsgtDA;-;-
2017-12-30;TGEgasDA;89.16;48192.00
2017-12-30;TGEsgtDA;-;-
2017-12-31;TGEgasDA;79.89;14616.00
2017-12-31;TGEsgtDA;-;-
2018-01-01;TGEgasDA;74.71;59136.00
2018-01-01;TGEsgtDA;-;-
2018-01-02;TGEgasDA;80.80;24720.00
2018-01-02;TGEsgtDA;-;-
2018-01-03;TGEgasDA;88.94;10536.00
2018-01-03;TGEsgtDA;-;-
2018-01-04;TGEgasDA;87.41;10152.00
2018-01-04;TGEsgtDA;-;-
2018-01-05;TGEgasDA;85.91;8880.00
2018-01-05;TGEsgtDA;-;-
2018-01-06;TGEgasDA;74.03;74928.00
2018-01-06;TGEsgtDA;-;-
2018-01-07;TGEgasDA;76.12;2544.00
2018-01-07;TGEsgtDA;-;-
2018-01-08;TGEgasDA;85.69;23544.00
2018-01-08;TGEsgtDA;-;-
2018-01-09;TGEgasDA;88.37;43584.00
2018-01-09;TGEsgtDA;-;-
2018-01-10;TGEgasDA;89.62;39600.00
2018-01-10;TGEsgtDA;-;-
2018-01-11;TGEgasDA;89.86;51576.00
2018-01-11;TGEsgtDA;-;-
2018-01-12;TGEgasDA;89.87;60504.00
2018-01-12;TGEsgtDA;-;-
2018-01-13;TGEgasDA;90.83;141528.00
2018-01-13;TGEsgtDA;-;-
2018-01-14;TGEgasDA;90.02;28488.00
2018-01-14;TGEsgtDA;-;-
2018-01-15;TGEgasDA;90.54;96576.00
2018-01-15;TGEsgtDA;-;-
2018-01-16;TGEgasDA;88.85;102120.00
2018-01-16;TGEsgtDA;-;-
2018-01-17;TGEgasDA;88.79;113424.00
2018-01-17;TGEsgtDA;-;-
2018-01-18;TGEgasDA;86.70;72696.00
2018-01-18;TGEsgtDA;-;-
2018-01-19;TGEgasDA;84.27;76224.00
2018-01-19;TGEsgtDA;-;-
2018-01-20;TGEgasDA;85.32;154416.00
2018-01-20;TGEsgtDA;-;-
2018-01-21;TGEgasDA;83.27;6480.00
2018-01-21;TGEsgtDA;-;-
2018-01-22;TGEgasDA;84.45;111912.00
2018-01-22;TGEsgtDA;-;-
2018-01-23;TGEgasDA;84.99;97440.00
2018-01-23;TGEsgtDA;-;-
2018-01-24;TGEgasDA;85.87;67512.00
2018-01-24;TGEsgtDA;-;-
2018-01-25;TGEgasDA;83.99;50424.00
2018-01-25;TGEsgtDA;-;-
2018-01-26;TGEgasDA;83.66;48048.00
2018-01-26;TGEsgtDA;-;-
2018-01-27;TGEgasDA;76.82;23088.00
2018-01-27;TGEsgtDA;-;-
2018-01-28;TGEgasDA;70.68;29376.00
2018-01-28;TGEsgtDA;-;-
2018-01-29;TGEgasDA;77.77;11376.00
2018-01-29;TGEsgtDA;-;-
2018-01-30;TGEgasDA;79.46;11904.00
2018-01-30;TGEsgtDA;-;-
2018-01-31;TGEgasDA;80.48;13656.00
2018-01-31;TGEsgtDA;-;-
2018-02-01;TGEgasDA;81.81;27144.00
2018-02-01;TGEsgtDA;-;-
2018-02-02;TGEgasDA;83.95;46512.00
2018-02-02;TGEsgtDA;-;-
2018-02-03;TGEgasDA;83.84;57576.00
2018-02-03;TGEsgtDA;-;-
2018-02-04;TGEgasDA;82.90;29664.00
2018-02-04;TGEsgtDA;-;-
2018-02-05;TGEgasDA;83.37;96000.00
2018-02-05;TGEsgtDA;-;-
2018-02-06;TGEgasDA;83.19;129000.00
2018-02-06;TGEsgtDA;-;-
2018-02-07;TGEgasDA;81.79;133248.00
2018-02-07;TGEsgtDA;-;-
2018-02-08;TGEgasDA;83.61;111480.00
2018-02-08;TGEsgtDA;-;-
2018-02-09;TGEgasDA;82.49;113088.00
2018-02-09;TGEsgtDA;-;-
2018-02-10;TGEgasDA;83.06;174000.00
2018-02-10;TGEsgtDA;-;-
2018-02-11;TGEgasDA;82.41;15792.00
2018-02-11;TGEsgtDA;-;-
2018-02-12;TGEgasDA;82.50;104184.00
2018-02-12;TGEsgtDA;-;-
2018-02-13;TGEgasDA;81.86;106344.00
2018-02-13;TGEsgtDA;-;-
2018-02-14;TGEgasDA;84.03;102456.00
2018-02-14;TGEsgtDA;-;-
2018-02-15;TGEgasDA;82.99;117552.00
2018-02-15;TGEsgtDA;-;-
2018-02-16;TGEgasDA;82.07;96168.00
2018-02-16;TGEsgtDA;-;-
2018-02-17;TGEgasDA;83.00;117576.00
2018-02-17;TGEsgtDA;-;-
2018-02-18;TGEgasDA;83.00;25680.00
2018-02-18;TGEsgtDA;-;-
2018-02-19;TGEgasDA;83.25;97776.00
2018-02-19;TGEsgtDA;-;-
2018-02-20;TGEgasDA;86.60;105384.00
2018-02-20;TGEsgtDA;-;-
2018-02-21;TGEgasDA;89.73;116760.00
2018-02-21;TGEsgtDA;-;-
2018-02-22;TGEgasDA;93.85;145992.00
2018-02-22;TGEsgtDA;-;-
2018-02-23;TGEgasDA;103.41;212088.00
2018-02-23;TGEsgtDA;-;-
2018-02-24;TGEgasDA;115.91;213624.00
2018-02-24;TGEsgtDA;-;-
2018-02-25;TGEgasDA;117.15;13872.00
2018-02-25;TGEsgtDA;-;-
2018-02-26;TGEgasDA;119.77;193464.00
2018-02-26;TGEsgtDA;-;-
2018-02-27;TGEgasDA;116.63;216864.00
2018-02-27;TGEsgtDA;-;-
2018-02-28;TGEgasDA;120.17;228504.00
2018-02-28;TGEsgtDA;-;-
2018-03-01;TGEgasDA;175.97;319800.00
2018-03-01;TGEsgtDA;-;-
2018-03-02;TGEgasDA;208.39;280152.00
2018-03-02;TGEsgtDA;-;-
2018-03-03;TGEgasDA;202.95;448032.00
2018-03-03;TGEsgtDA;-;-
2018-03-04;TGEgasDA;154.28;60240.00
2018-03-04;TGEsgtDA;-;-
2018-03-05;TGEgasDA;138.77;187056.00
2018-03-05;TGEsgtDA;-;-
2018-03-06;TGEgasDA;94.85;167784.00
2018-03-06;TGEsgtDA;-;-
2018-03-07;TGEgasDA;96.89;123384.00
2018-03-07;TGEsgtDA;-;-
2018-03-08;TGEgasDA;93.06;118992.00
2018-03-08;TGEsgtDA;-;-
2018-03-09;TGEgasDA;87.99;87888.00
2018-03-09;TGEsgtDA;-;-
2018-03-10;TGEgasDA;90.98;68400.00
2018-03-10;TGEsgtDA;-;-
2018-03-11;TGEgasDA;88.54;7200.00
2018-03-11;TGEsgtDA;-;-
2018-03-12;TGEgasDA;88.83;12552.00
2018-03-12;TGEsgtDA;-;-
2018-03-13;TGEgasDA;122.89;16992.00
2018-03-13;TGEsgtDA;-;-
2018-03-14;TGEgasDA;106.23;38832.00
2018-03-14;TGEsgtDA;-;-
2018-03-15;TGEgasDA;104.55;64632.00
2018-03-15;TGEsgtDA;-;-
2018-03-16;TGEgasDA;105.15;116784.00
2018-03-16;TGEsgtDA;-;-
2018-03-17;TGEgasDA;113.11;299568.00
2018-03-17;TGEsgtDA;-;-
2018-03-18;TGEgasDA;106.71;13632.00
2018-03-18;TGEsgtDA;-;-
2018-03-19;TGEgasDA;106.54;178824.00
2018-03-19;TGEsgtDA;-;-
2018-03-20;TGEgasDA;98.00;172608.00
2018-03-20;TGEsgtDA;-;-
2018-03-21;TGEgasDA;96.74;138120.00
2018-03-21;TGEsgtDA;-;-
2018-03-22;TGEgasDA;99.51;113736.00
2018-03-22;TGEsgtDA;-;-
2018-03-23;TGEgasDA;96.69;97272.00
2018-03-23;TGEsgtDA;-;-
2018-03-24;TGEgasDA;92.57;101280.00
2018-03-24;TGEsgtDA;-;-
2018-03-25;TGEgasDA;89.01;20232.00
2018-03-25;TGEsgtDA;-;-
2018-03-26;TGEgasDA;90.58;67056.00
2018-03-26;TGEsgtDA;-;-
2018-03-27;TGEgasDA;86.52;97728.00
2018-03-27;TGEsgtDA;-;-
2018-03-28;TGEgasDA;86.53;97608.00
2018-03-28;TGEsgtDA;-;-
2018-03-29;TGEgasDA;88.11;89232.00
2018-03-29;TGEsgtDA;-;-
2018-03-30;TGEgasDA;86.37;65064.00
2018-03-30;TGEsgtDA;-;-
2018-03-31;TGEgasDA;83.53;47736.00
2018-03-31;TGEsgtDA;-;-
2018-04-01;TGEgasDA;85.76;82560.00
2018-04-01;TGEsgtDA;-;-
2018-04-02;TGEgasDA;88.24;106536.00
2018-04-02;TGEsgtDA;-;-
2018-04-03;TGEgasDA;94.32;101496.00
2018-04-03;TGEsgtDA;-;-
2018-04-04;TGEgasDA;85.72;64944.00
2018-04-04;TGEsgtDA;-;-
2018-04-05;TGEgasDA;86.72;34824.00
2018-04-05;TGEsgtDA;-;-
2018-04-06;TGEgasDA;87.41;59376.00
2018-04-06;TGEsgtDA;-;-
2018-04-07;TGEgasDA;86.06;27264.00
2018-04-07;TGEsgtDA;-;-
2018-04-08;TGEgasDA;82.26;16944.00
2018-04-08;TGEsgtDA;-;-
2018-04-09;TGEgasDA;85.48;20808.00
2018-04-09;TGEsgtDA;-;-
2018-04-10;TGEgasDA;82.87;27600.00
2018-04-10;TGEsgtDA;-;-
2018-04-11;TGEgasDA;81.84;34392.00
2018-04-11;TGEsgtDA;-;-
2018-04-12;TGEgasDA;83.76;30288.00
2018-04-12;TGEsgtDA;-;-
2018-04-13;TGEgasDA;82.05;41544.00
2018-04-13;TGEsgtDA;-;-
2018-04-14;TGEgasDA;80.50;110112.00
2018-04-14;TGEsgtDA;-;-
2018-04-15;TGEgasDA;78.63;19392.00
2018-04-15;TGEsgtDA;-;-
2018-04-16;TGEgasDA;81.63;31392.00
2018-04-16;TGEsgtDA;-;-
2018-04-17;TGEgasDA;86.86;11112.00
2018-04-17;TGEsgtDA;-;-
2018-04-18;TGEgasDA;84.98;15816.00
2018-04-18;TGEsgtDA;-;-
2018-04-19;TGEgasDA;82.62;20448.00
2018-04-19;TGEsgtDA;-;-
2018-04-20;TGEgasDA;81.19;77760.00
2018-04-20;TGEsgtDA;-;-
2018-04-21;TGEgasDA;82.09;53304.00
2018-04-21;TGEsgtDA;-;-
2018-04-22;TGEgasDA;84.12;1920.00
2018-04-22;TGEsgtDA;-;-
2018-04-23;TGEgasDA;83.59;38256.00
2018-04-23;TGEsgtDA;-;-
2018-04-24;TGEgasDA;83.20;32760.00
2018-04-24;TGEsgtDA;-;-
2018-04-25;TGEgasDA;83.19;34872.00
2018-04-25;TGEsgtDA;-;-
2018-04-26;TGEgasDA;83.66;19968.00
2018-04-26;TGEsgtDA;-;-
2018-04-27;TGEgasDA;85.39;75456.00
2018-04-27;TGEsgtDA;-;-
2018-04-28;TGEgasDA;85.85;47880.00
2018-04-28;TGEsgtDA;-;-
2018-04-29;TGEgasDA;85.10;29616.00
2018-04-29;TGEsgtDA;-;-
2018-04-30;TGEgasDA;86.80;70776.00
2018-04-30;TGEsgtDA;-;-
2018-05-01;TGEgasDA;90.26;33912.00
2018-05-01;TGEsgtDA;-;-
2018-05-02;TGEgasDA;91.51;35064.00
2018-05-02;TGEsgtDA;-;-
2018-05-03;TGEgasDA;91.37;39144.00
2018-05-03;TGEsgtDA;-;-
2018-05-04;TGEgasDA;91.18;25320.00
2018-05-04;TGEsgtDA;-;-
2018-05-05;TGEgasDA;91.19;51192.00
2018-05-05;TGEsgtDA;-;-
2018-05-06;TGEgasDA;93.89;4008.00
2018-05-06;TGEsgtDA;-;-
2018-05-07;TGEgasDA;94.59;14784.00
2018-05-07;TGEsgtDA;-;-
2018-05-08;TGEgasDA;93.02;25224.00
2018-05-08;TGEsgtDA;-;-
2018-05-09;TGEgasDA;94.72;20328.00
2018-05-09;TGEsgtDA;-;-
2018-05-10;TGEgasDA;96.23;19968.00
2018-05-10;TGEsgtDA;-;-
2018-05-11;TGEgasDA;94.33;31848.00
2018-05-11;TGEsgtDA;-;-
2018-05-12;TGEgasDA;96.25;47976.00
2018-05-12;TGEsgtDA;-;-
2018-05-13;TGEgasDA;93.47;5664.00
2018-05-13;TGEsgtDA;-;-
2018-05-14;TGEgasDA;97.75;13752.00
2018-05-14;TGEsgtDA;-;-
2018-05-15;TGEgasDA;96.56;17472.00
2018-05-15;TGEsgtDA;-;-
2018-05-16;TGEgasDA;99.73;16848.00
2018-05-16;TGEsgtDA;-;-
2018-05-17;TGEgasDA;98.86;26040.00
2018-05-17;TGEsgtDA;-;-
2018-05-18;TGEgasDA;102.02;20328.00
2018-05-18;TGEsgtDA;-;-
2018-05-19;TGEgasDA;101.92;27768.00
2018-05-19;TGEsgtDA;-;-
2018-05-20;TGEgasDA;98.86;8448.00
2018-05-20;TGEsgtDA;-;-
2018-05-21;TGEgasDA;100.79;12984.00
2018-05-21;TGEsgtDA;-;-
2018-05-22;TGEgasDA;101.56;17472.00
2018-05-22;TGEsgtDA;-;-
2018-05-23;TGEgasDA;103.78;18192.00
2018-05-23;TGEsgtDA;-;-
2018-05-24;TGEgasDA;104.29;21312.00
2018-05-24;TGEsgtDA;-;-
2018-05-25;TGEgasDA;103.96;24384.00
2018-05-25;TGEsgtDA;-;-
2018-05-26;TGEgasDA;101.00;49944.00
2018-05-26;TGEsgtDA;-;-
2018-05-27;TGEgasDA;99.47;11112.00
2018-05-27;TGEsgtDA;-;-
2018-05-28;TGEgasDA;100.25;29928.00
2018-05-28;TGEsgtDA;-;-
2018-05-29;TGEgasDA;101.83;26616.00
2018-05-29;TGEsgtDA;-;-
2018-05-30;TGEgasDA;102.60;25824.00
2018-05-30;TGEsgtDA;-;-
2018-05-31;TGEgasDA;104.45;38208.00
2018-05-31;TGEsgtDA;-;-
2018-06-01;TGEgasDA;103.87;16416.00
2018-06-01;TGEsgtDA;-;-
2018-06-02;TGEgasDA;99.09;21192.00
2018-06-02;TGEsgtDA;-;-
2018-06-03;TGEgasDA;95.71;3984.00
2018-06-03;TGEsgtDA;-;-
2018-06-04;TGEgasDA;100.01;9048.00
2018-06-04;TGEsgtDA;-;-
2018-06-05;TGEgasDA;102.07;15456.00
2018-06-05;TGEsgtDA;-;-
2018-06-06;TGEgasDA;102.17;23424.00
2018-06-06;TGEsgtDA;-;-
2018-06-07;TGEgasDA;100.66;22272.00
2018-06-07;TGEsgtDA;-;-
2018-06-08;TGEgasDA;99.31;17376.00
2018-06-08;TGEsgtDA;-;-
2018-06-09;TGEgasDA;98.61;16728.00
2018-06-09;TGEsgtDA;-;-
2018-06-10;TGEgasDA;95.02;8016.00
2018-06-10;TGEsgtDA;-;-
2018-06-11;TGEgasDA;99.68;12864.00
2018-06-11;TGEsgtDA;-;-
2018-06-12;TGEgasDA;98.39;17568.00
2018-06-12;TGEsgtDA;-;-
2018-06-13;TGEgasDA;98.92;20424.00
2018-06-13;TGEsgtDA;-;-
2018-06-14;TGEgasDA;101.58;20880.00
2018-06-14;TGEsgtDA;-;-
2018-06-15;TGEgasDA;103.82;18264.00
2018-06-15;TGEsgtDA;-;-
2018-06-16;TGEgasDA;98.41;24312.00
2018-06-16;TGEsgtDA;-;-
2018-06-17;TGEgasDA;96.82;3480.00
2018-06-17;TGEsgtDA;-;-
2018-06-18;TGEgasDA;100.04;15360.00
2018-06-18;TGEsgtDA;-;-
2018-06-19;TGEgasDA;100.71;16728.00
2018-06-19;TGEsgtDA;-;-
2018-06-20;TGEgasDA;101.99;17688.00
2018-06-20;TGEsgtDA;-;-
2018-06-21;TGEgasDA;101.33;18264.00
2018-06-21;TGEsgtDA;-;-
2018-06-22;TGEgasDA;99.80;23304.00
2018-06-22;TGEsgtDA;-;-
2018-06-23;TGEgasDA;99.63;16992.00
2018-06-23;TGEsgtDA;-;-
2018-06-24;TGEgasDA;99.16;1008.00
2018-06-24;TGEsgtDA;-;-
2018-06-25;TGEgasDA;100.61;19656.00
2018-06-25;TGEsgtDA;-;-
2018-06-26;TGEgasDA;100.02;21984.00
2018-06-26;TGEsgtDA;-;-
2018-06-27;TGEgasDA;101.05;25104.00
2018-06-27;TGEsgtDA;-;-
2018-06-28;TGEgasDA;102.25;22800.00
2018-06-28;TGEsgtDA;-;-
2018-06-29;TGEgasDA;103.59;16464.00
2018-06-29;TGEsgtDA;-;-
2018-06-30;TGEgasDA;100.38;11112.00
2018-06-30;TGEsgtDA;-;-
2018-07-01;TGEgasDA;101.54;8736.00
2018-07-01;TGEsgtDA;-;-
2018-07-02;TGEgasDA;103.03;32232.00
2018-07-02;TGEsgtDA;-;-
2018-07-03;TGEgasDA;105.16;28848.00
2018-07-03;TGEsgtDA;-;-
2018-07-04;TGEgasDA;106.11;22800.00
2018-07-04;TGEsgtDA;-;-
2018-07-05;TGEgasDA;105.23;23136.00
2018-07-05;TGEsgtDA;-;-
2018-07-06;TGEgasDA;104.84;19248.00
2018-07-06;TGEsgtDA;-;-
2018-07-07;TGEgasDA;103.72;10656.00
2018-07-07;TGEsgtDA;-;-
2018-07-08;TGEgasDA;100.06;2400.00
2018-07-08;TGEsgtDA;-;-
2018-07-09;TGEgasDA;106.13;15840.00
2018-07-09;TGEsgtDA;-;-
2018-07-10;TGEgasDA;105.51;13344.00
2018-07-10;TGEsgtDA;-;-
2018-07-11;TGEgasDA;107.73;18840.00
2018-07-11;TGEsgtDA;-;-
2018-07-12;TGEgasDA;105.91;20664.00
2018-07-12;TGEsgtDA;-;-
2018-07-13;TGEgasDA;104.86;18312.00
2018-07-13;TGEsgtDA;-;-
2018-07-14;TGEgasDA;101.05;6984.00
2018-07-14;TGEsgtDA;-;-
2018-07-15;TGEgasDA;98.20;3768.00
2018-07-15;TGEsgtDA;-;-
2018-07-16;TGEgasDA;103.10;13680.00
2018-07-16;TGEsgtDA;-;-
2018-07-17;TGEgasDA;105.35;17160.00
2018-07-17;TGEsgtDA;-;-
2018-07-18;TGEgasDA;101.55;20640.00
2018-07-18;TGEsgtDA;-;-
2018-07-19;TGEgasDA;101.92;18288.00
2018-07-19;TGEsgtDA;-;-
2018-07-20;TGEgasDA;103.71;14616.00
2018-07-20;TGEsgtDA;-;-
2018-07-21;TGEgasDA;100.87;9672.00
2018-07-21;TGEsgtDA;-;-
2018-07-22;TGEgasDA;97.47;5064.00
2018-07-22;TGEsgtDA;-;-
2018-07-23;TGEgasDA;103.50;8784.00
2018-07-23;TGEsgtDA;-;-
2018-07-24;TGEgasDA;103.45;14904.00
2018-07-24;TGEsgtDA;-;-
2018-07-25;TGEgasDA;104.11;16872.00
2018-07-25;TGEsgtDA;-;-
2018-07-26;TGEgasDA;103.75;13032.00
2018-07-26;TGEsgtDA;-;-
2018-07-27;TGEgasDA;102.26;12936.00
2018-07-27;TGEsgtDA;-;-
2018-07-28;TGEgasDA;99.52;19536.00
2018-07-28;TGEsgtDA;-;-
2018-07-29;TGEgasDA;97.71;6696.00
2018-07-29;TGEsgtDA;-;-
2018-07-30;TGEgasDA;102.11;9096.00
2018-07-30;TGEsgtDA;-;-
2018-07-31;TGEgasDA;101.45;6600.00
2018-07-31;TGEsgtDA;-;-
2018-08-01;TGEgasDA;101.63;6912.00
2018-08-01;TGEsgtDA;-;-
2018-08-02;TGEgasDA;100.42;8160.00
2018-08-02;TGEsgtDA;-;-
2018-08-03;TGEgasDA;100.56;4776.00
2018-08-03;TGEsgtDA;-;-
2018-08-04;TGEgasDA;97.68;31608.00
2018-08-04;TGEsgtDA;-;-
2018-08-05;TGEgasDA;96.57;7320.00
2018-08-05;TGEsgtDA;-;-
2018-08-06;TGEgasDA;102.11;5160.00
2018-08-06;TGEsgtDA;-;-
2018-08-07;TGEgasDA;101.86;5280.00
2018-08-07;TGEsgtDA;-;-
2018-08-08;TGEgasDA;102.13;5304.00
2018-08-08;TGEsgtDA;-;-
2018-08-09;TGEgasDA;103.36;5304.00
2018-08-09;TGEsgtDA;-;-
2018-08-10;TGEgasDA;102.23;5856.00
2018-08-10;TGEsgtDA;-;-
2018-08-11;TGEgasDA;100.40;18840.00
2018-08-11;TGEsgtDA;-;-
2018-08-12;TGEgasDA;101.67;3264.00
2018-08-12;TGEsgtDA;-;-
2018-08-13;TGEgasDA;104.62;4176.00
2018-08-13;TGEsgtDA;-;-
2018-08-14;TGEgasDA;105.10;6096.00
2018-08-14;TGEsgtDA;-;-
2018-08-15;TGEgasDA;103.14;16104.00
2018-08-15;TGEsgtDA;-;-
2018-08-16;TGEgasDA;106.05;4416.00
2018-08-16;TGEsgtDA;-;-
2018-08-17;TGEgasDA;106.86;6552.00
2018-08-17;TGEsgtDA;-;-
2018-08-18;TGEgasDA;106.73;22056.00
2018-08-18;TGEsgtDA;-;-
2018-08-19;TGEgasDA;106.17;2952.00
2018-08-19;TGEsgtDA;-;-
2018-08-20;TGEgasDA;110.82;6888.00
2018-08-20;TGEsgtDA;-;-
2018-08-21;TGEgasDA;110.17;11376.00
2018-08-21;TGEsgtDA;-;-
2018-08-22;TGEgasDA;113.30;15720.00
2018-08-22;TGEsgtDA;-;-
2018-08-23;TGEgasDA;113.54;17352.00
2018-08-23;TGEsgtDA;-;-
2018-08-24;TGEgasDA;112.95;13776.00
2018-08-24;TGEsgtDA;-;-
2018-08-25;TGEgasDA;111.91;11016.00
2018-08-25;TGEsgtDA;-;-
2018-08-26;TGEgasDA;109.88;2280.00
2018-08-26;TGEsgtDA;-;-
2018-08-27;TGEgasDA;114.39;20520.00
2018-08-27;TGEsgtDA;-;-
2018-08-28;TGEgasDA;113.90;24360.00
2018-08-28;TGEsgtDA;-;-
2018-08-29;TGEgasDA;116.64;24672.00
2018-08-29;TGEsgtDA;-;-
2018-08-30;TGEgasDA;117.49;24552.00
2018-08-30;TGEsgtDA;-;-
2018-08-31;TGEgasDA;121.12;22680.00
2018-08-31;TGEsgtDA;-;-
2018-09-01;TGEgasDA;112.38;35040.00
2018-09-01;TGEsgtDA;-;-
2018-09-02;TGEgasDA;111.24;16056.00
2018-09-02;TGEsgtDA;-;-
2018-09-03;TGEgasDA;113.48;15504.00
2018-09-03;TGEsgtDA;-;-
2018-09-04;TGEgasDA;116.00;11328.00
2018-09-04;TGEsgtDA;-;-
2018-09-05;TGEgasDA;121.20;10728.00
2018-09-05;TGEsgtDA;-;-
2018-09-06;TGEgasDA;121.95;12120.00
2018-09-06;TGEsgtDA;-;-
2018-09-07;TGEgasDA;123.89;12480.00
2018-09-07;TGEsgtDA;-;-
2018-09-08;TGEgasDA;121.41;40200.00
2018-09-08;TGEsgtDA;-;-
2018-09-09;TGEgasDA;120.82;5376.00
2018-09-09;TGEsgtDA;-;-
2018-09-10;TGEgasDA;125.28;11592.00
2018-09-10;TGEsgtDA;-;-
2018-09-11;TGEgasDA;128.02;11928.00
2018-09-11;TGEsgtDA;-;-
2018-09-12;TGEgasDA;126.68;9840.00
2018-09-12;TGEsgtDA;-;-
2018-09-13;TGEgasDA;126.38;10080.00
2018-09-13;TGEsgtDA;-;-
2018-09-14;TGEgasDA;123.59;12744.00
2018-09-14;TGEsgtDA;-;-
2018-09-15;TGEgasDA;116.44;49320.00
2018-09-15;TGEsgtDA;-;-
2018-09-16;TGEgasDA;118.39;2448.00
2018-09-16;TGEsgtDA;-;-
2018-09-17;TGEgasDA;121.84;10488.00
2018-09-17;TGEsgtDA;-;-
2018-09-18;TGEgasDA;124.88;11856.00
2018-09-18;TGEsgtDA;-;-
2018-09-19;TGEgasDA;123.48;12504.00
2018-09-19;TGEsgtDA;-;-
2018-09-20;TGEgasDA;123.53;11304.00
2018-09-20;TGEsgtDA;-;-
2018-09-21;TGEgasDA;127.41;14568.00
2018-09-21;TGEsgtDA;-;-
2018-09-22;TGEgasDA;124.72;25704.00
2018-09-22;TGEsgtDA;-;-
2018-09-23;TGEgasDA;125.20;1728.00
2018-09-23;TGEsgtDA;-;-
2018-09-24;TGEgasDA;128.76;14520.00
2018-09-24;TGEsgtDA;-;-
2018-09-25;TGEgasDA;135.06;14400.00
2018-09-25;TGEsgtDA;-;-
2018-09-26;TGEgasDA;135.56;26424.00
2018-09-26;TGEsgtDA;-;-
2018-09-27;TGEgasDA;131.55;31296.00
2018-09-27;TGEsgtDA;-;-
2018-09-28;TGEgasDA;127.16;35808.00
2018-09-28;TGEsgtDA;-;-
2018-09-29;TGEgasDA;124.26;39504.00
2018-09-29;TGEsgtDA;-;-
2018-09-30;TGEgasDA;122.78;2040.00
2018-09-30;TGEsgtDA;-;-
2018-10-01;TGEgasDA;120.99;12576.00
2018-10-01;TGEsgtDA;-;-
2018-10-02;TGEgasDA;115.69;19248.00
2018-10-02;TGEsgtDA;-;-
2018-10-03;TGEgasDA;122.78;19656.00
2018-10-03;TGEsgtDA;-;-
2018-10-04;TGEgasDA;123.95;27288.00
2018-10-04;TGEsgtDA;-;-
2018-10-05;TGEgasDA;123.23;23424.00
2018-10-05;TGEsgtDA;-;-
2018-10-06;TGEgasDA;115.57;74544.00
2018-10-06;TGEsgtDA;-;-
2018-10-07;TGEgasDA;115.74;14496.00
2018-10-07;TGEsgtDA;-;-
2018-10-08;TGEgasDA;119.97;12792.00
2018-10-08;TGEsgtDA;-;-
2018-10-09;TGEgasDA;119.50;18696.00
2018-10-09;TGEsgtDA;-;-
2018-10-10;TGEgasDA;118.66;25416.00
2018-10-10;TGEsgtDA;-;-
2018-10-11;TGEgasDA;116.83;28560.00
2018-10-11;TGEsgtDA;-;-
2018-10-12;TGEgasDA;110.82;36288.00
2018-10-12;TGEsgtDA;-;-
2018-10-13;TGEgasDA;109.52;53976.00
2018-10-13;TGEsgtDA;-;-
2018-10-14;TGEgasDA;109.55;39336.00
2018-10-14;TGEsgtDA;-;-
2018-10-15;TGEgasDA;110.92;41328.00
2018-10-15;TGEsgtDA;-;-
2018-10-16;TGEgasDA;114.68;37512.00
2018-10-16;TGEsgtDA;-;-
2018-10-17;TGEgasDA;113.06;32856.00
2018-10-17;TGEsgtDA;-;-
2018-10-18;TGEgasDA;109.54;28848.00
2018-10-18;TGEsgtDA;-;-
2018-10-19;TGEgasDA;115.03;14160.00
2018-10-19;TGEsgtDA;-;-
2018-10-20;TGEgasDA;113.73;54744.00
2018-10-20;TGEsgtDA;-;-
2018-10-21;TGEgasDA;117.98;3144.00
2018-10-21;TGEsgtDA;-;-
2018-10-22;TGEgasDA;120.45;15624.00
2018-10-22;TGEsgtDA;-;-
2018-10-23;TGEgasDA;119.64;46896.00
2018-10-23;TGEsgtDA;-;-
2018-10-24;TGEgasDA;117.58;64224.00
2018-10-24;TGEsgtDA;-;-
2018-10-25;TGEgasDA;117.81;57504.00
2018-10-25;TGEsgtDA;-;-
2018-10-26;TGEgasDA;117.58;53952.00
2018-10-26;TGEsgtDA;-;-
2018-10-27;TGEgasDA;115.26;67348.00
2018-10-27;TGEsgtDA;-;-
2018-10-28;TGEgasDA;115.06;8928.00
2018-10-28;TGEsgtDA;-;-
2018-10-29;TGEgasDA;116.87;63456.00
2018-10-29;TGEsgtDA;-;-
2018-10-30;TGEgasDA;115.27;28632.00
2018-10-30;TGEsgtDA;-;-
2018-10-31;TGEgasDA;113.06;25536.00
2018-10-31;TGEsgtDA;-;-
2018-11-01;TGEgasDA;101.70;71040.00
2018-11-01;TGEsgtDA;-;-
2018-11-02;TGEgasDA;101.44;42024.00
2018-11-02;TGEsgtDA;-;-
2018-11-03;TGEgasDA;101.09;150480.00
2018-11-03;TGEsgtDA;-;-
2018-11-04;TGEgasDA;102.19;12312.00
2018-11-04;TGEsgtDA;-;-
2018-11-05;TGEgasDA;103.68;65352.00
2018-11-05;TGEsgtDA;-;-
2018-11-06;TGEgasDA;100.87;59616.00
2018-11-06;TGEsgtDA;-;-
2018-11-07;TGEgasDA;101.06;54408.00
2018-11-07;TGEsgtDA;-;-
2018-11-08;TGEgasDA;103.07;43872.00
2018-11-08;TGEsgtDA;-;-
2018-11-09;TGEgasDA;107.08;41160.00
2018-11-09;TGEsgtDA;-;-
2018-11-10;TGEgasDA;103.53;86736.00
2018-11-10;TGEsgtDA;-;-
2018-11-11;TGEgasDA;101.06;16104.00
2018-11-11;TGEsgtDA;-;-
2018-11-12;TGEgasDA;104.24;55536.00
2018-11-12;TGEsgtDA;-;-
2018-11-13;TGEgasDA;109.12;31248.00
2018-11-13;TGEsgtDA;-;-
2018-11-14;TGEgasDA;115.20;18504.00
2018-11-14;TGEsgtDA;-;-
2018-11-15;TGEgasDA;119.33;33864.00
2018-11-15;TGEsgtDA;-;-
2018-11-16;TGEgasDA;121.06;67560.00
2018-11-16;TGEsgtDA;-;-
2018-11-17;TGEgasDA;123.62;115632.00
2018-11-17;TGEsgtDA;-;-
2018-11-18;TGEgasDA;120.64;4152.00
2018-11-18;TGEsgtDA;-;-
2018-11-19;TGEgasDA;123.00;54192.00
2018-11-19;TGEsgtDA;-;-
2018-11-20;TGEgasDA;115.56;78504.00
2018-11-20;TGEsgtDA;-;-
2018-11-21;TGEgasDA;116.24;98688.00
2018-11-21;TGEsgtDA;-;-
2018-11-22;TGEgasDA;114.99;110136.00
2018-11-22;TGEsgtDA;-;-
2018-11-23;TGEgasDA;114.41;97680.00
2018-11-23;TGEsgtDA;-;-
2018-11-24;TGEgasDA;117.63;65064.00
2018-11-24;TGEsgtDA;-;-
2018-11-25;TGEgasDA;117.38;20328.00
2018-11-25;TGEsgtDA;-;-
2018-11-26;TGEgasDA;117.50;53520.00
2018-11-26;TGEsgtDA;-;-
2018-11-27;TGEgasDA;115.54;78624.00
2018-11-27;TGEsgtDA;-;-
2018-11-28;TGEgasDA;117.27;101208.00
2018-11-28;TGEsgtDA;-;-
2018-11-29;TGEgasDA;116.43;121560.00
2018-11-29;TGEsgtDA;-;-
2018-11-30;TGEgasDA;116.29;125496.00
2018-11-30;TGEsgtDA;-;-
2018-12-01;TGEgasDA;115.18;105456.00
2018-12-01;TGEsgtDA;-;-
2018-12-02;TGEgasDA;111.12;5832.00
2018-12-02;TGEsgtDA;-;-
2018-12-03;TGEgasDA;111.67;114504.00
2018-12-03;TGEsgtDA;-;-
2018-12-04;TGEgasDA;114.80;86400.00
2018-12-04;TGEsgtDA;-;-
2018-12-05;TGEgasDA;113.53;100104.00
2018-12-05;TGEsgtDA;-;-
2018-12-06;TGEgasDA;111.94;92472.00
2018-12-06;TGEsgtDA;-;-
2018-12-07;TGEgasDA;107.19;62088.00
2018-12-07;TGEsgtDA;-;-
2018-12-08;TGEgasDA;104.94;56808.00
2018-12-08;TGEsgtDA;-;-
2018-12-09;TGEgasDA;101.15;3360.00
2018-12-09;TGEsgtDA;-;-
2018-12-10;TGEgasDA;106.51;55848.00
2018-12-10;TGEsgtDA;-;-
2018-12-11;TGEgasDA;108.24;79416.00
2018-12-11;TGEsgtDA;-;-
2018-12-12;TGEgasDA;111.17;101544.00
2018-12-12;TGEsgtDA;-;-
2018-12-13;TGEgasDA;113.34;109416.00
2018-12-13;TGEsgtDA;-;-
2018-12-14;TGEgasDA;115.35;120648.00
2018-12-14;TGEsgtDA;-;-
2018-12-15;TGEgasDA;116.06;187176.00
2018-12-15;TGEsgtDA;-;-
2018-12-16;TGEgasDA;115.97;21096.00
2018-12-16;TGEsgtDA;-;-
2018-12-17;TGEgasDA;117.03;88104.00
2018-12-17;TGEsgtDA;-;-
2018-12-18;TGEgasDA;116.67;105192.00
2018-12-18;TGEsgtDA;-;-
2018-12-19;TGEgasDA;113.58;95904.00
2018-12-19;TGEsgtDA;-;-
2018-12-20;TGEgasDA;114.23;92688.00
2018-12-20;TGEglwDA;-;-
2018-12-20;TGEsgtDA;-;-
2018-12-21;TGEgasDA;113.77;60744.00
2018-12-21;TGEglwDA;-;-
2018-12-21;TGEsgtDA;-;-
2018-12-22;TGEgasDA;109.69;24432.00
2018-12-22;TGEglwDA;-;-
2018-12-22;TGEsgtDA;-;-
2018-12-23;TGEgasDA;104.36;21504.00
2018-12-23;TGEglwDA;-;-
2018-12-23;TGEsgtDA;-;-
2018-12-24;TGEgasDA;111.81;56496.00
2018-12-24;TGEglwDA;-;-
2018-12-24;TGEsgtDA;-;-
2018-12-25;TGEgasDA;110.81;36816.00
2018-12-25;TGEglwDA;-;-
2018-12-25;TGEsgtDA;-;-
2018-12-26;TGEgasDA;110.27;36624.00
2018-12-26;TGEglwDA;-;-
2018-12-26;TGEsgtDA;-;-
2018-12-27;TGEgasDA;113.92;58752.00
2018-12-27;TGEglwDA;-;-
2018-12-27;TGEsgtDA;-;-
2018-12-28;TGEgasDA;111.12;57096.00
2018-12-28;TGEglwDA;-;-
2018-12-28;TGEsgtDA;-;-
2018-12-29;TGEgasDA;104.15;62736.00
2018-12-29;TGEglwDA;-;-
2018-12-29;TGEsgtDA;-;-
2018-12-30;TGEgasDA;98.50;6744.00
2018-12-30;TGEglwDA;-;-
2018-12-30;TGEsgtDA;-;-
2018-12-31;TGEgasDA;104.85;39720.00
2018-12-31;TGEglwDA;-;-
2018-12-31;TGEsgtDA;-;-
2019-01-01;TGEgasDA;92.42;18888.00
2019-01-01;TGEglwDA;-;-
2019-01-01;TGEsgtDA;-;-
2019-01-02;TGEgasDA;97.46;13008.00
2019-01-02;TGEglwDA;-;-
2019-01-02;TGEsgtDA;-;-
2019-01-03;TGEgasDA;103.18;62664.00
2019-01-03;TGEglwDA;-;-
2019-01-03;TGEsgtDA;-;-
2019-01-04;TGEgasDA;104.11;75720.00
2019-01-04;TGEglwDA;-;-
2019-01-04;TGEsgtDA;-;-
2019-01-05;TGEgasDA;105.24;91152.00
2019-01-05;TGEglwDA;-;-
2019-01-05;TGEsgtDA;-;-
2019-01-06;TGEgasDA;104.66;24528.00
2019-01-06;TGEglwDA;-;-
2019-01-06;TGEsgtDA;-;-
2019-01-07;TGEgasDA;106.39;81648.00
2019-01-07;TGEglwDA;-;-
2019-01-07;TGEsgtDA;-;-
2019-01-08;TGEgasDA;102.57;69072.00
2019-01-08;TGEglwDA;-;-
2019-01-08;TGEsgtDA;-;-
2019-01-09;TGEgasDA;103.55;92640.00
2019-01-09;TGEglwDA;-;-
2019-01-09;TGEsgtDA;-;-
2019-01-10;TGEgasDA;106.74;117840.00
2019-01-10;TGEglwDA;-;-
2019-01-10;TGEsgtDA;-;-
2019-01-11;TGEgasDA;102.47;92136.00
2019-01-11;TGEglwDA;-;-
2019-01-11;TGEsgtDA;-;-
2019-01-12;TGEgasDA;104.89;62400.00
2019-01-12;TGEglwDA;-;-
2019-01-12;TGEsgtDA;-;-
2019-01-13;TGEgasDA;94.20;5160.00
2019-01-13;TGEglwDA;-;-
2019-01-13;TGEsgtDA;-;-
2019-01-14;TGEgasDA;103.99;40176.00
2019-01-14;TGEglwDA;-;-
2019-01-14;TGEsgtDA;-;-
2019-01-15;TGEgasDA;102.81;44880.00
2019-01-15;TGEglwDA;-;-
2019-01-15;TGEsgtDA;-;-
2019-01-16;TGEgasDA;103.52;37920.00
2019-01-16;TGEglwDA;-;-
2019-01-16;TGEsgtDA;-;-
2019-01-17;TGEgasDA;104.10;79008.00
2019-01-17;TGEglwDA;-;-
2019-01-17;TGEsgtDA;-;-
2019-01-18;TGEgasDA;106.75;111912.00
2019-01-18;TGEglwDA;-;-
2019-01-18;TGEsgtDA;-;-
2019-01-19;TGEgasDA;107.27;230832.00
2019-01-19;TGEglwDA;-;-
2019-01-19;TGEsgtDA;-;-
2019-01-20;TGEgasDA;106.94;9456.00
2019-01-20;TGEglwDA;-;-
2019-01-20;TGEsgtDA;-;-
2019-01-21;TGEgasDA;107.97;115872.00
2019-01-21;TGEglwDA;-;-
2019-01-21;TGEsgtDA;-;-
2019-01-22;TGEgasDA;104.02;135648.00
2019-01-22;TGEglwDA;-;-
2019-01-22;TGEsgtDA;-;-
2019-01-23;TGEgasDA;104.32;145440.00
2019-01-23;TGEglwDA;-;-
2019-01-23;TGEsgtDA;-;-
2019-01-24;TGEgasDA;105.89;173568.00
2019-01-24;TGEglwDA;-;-
2019-01-24;TGEsgtDA;-;-
2019-01-25;TGEgasDA;104.27;174384.00
2019-01-25;TGEglwDA;-;-
2019-01-25;TGEsgtDA;-;-
2019-01-26;TGEgasDA;99.01;210456.00
2019-01-26;TGEglwDA;-;-
2019-01-26;TGEsgtDA;-;-
2019-01-27;TGEgasDA;91.83;8544.00
2019-01-27;TGEglwDA;-;-
2019-01-27;TGEsgtDA;-;-
2019-01-28;TGEgasDA;99.72;70224.00
2019-01-28;TGEglwDA;-;-
2019-01-28;TGEsgtDA;-;-
2019-01-29;TGEgasDA;99.49;106896.00
2019-01-29;TGEglwDA;-;-
2019-01-29;TGEsgtDA;-;-
2019-01-30;TGEgasDA;98.45;105816.00
2019-01-30;TGEglwDA;-;-
2019-01-30;TGEsgtDA;-;-
2019-01-31;TGEgasDA;100.98;87144.00
2019-01-31;TGEglwDA;-;-
2019-01-31;TGEsgtDA;-;-
2019-02-01;TGEgasDA;95.39;16872.00
2019-02-01;TGEglwDA;-;-
2019-02-01;TGEsgtDA;-;-
2019-02-02;TGEgasDA;84.41;113616.00
2019-02-02;TGEglwDA;-;-
2019-02-02;TGEsgtDA;-;-
2019-02-03;TGEgasDA;84.75;2088.00
2019-02-03;TGEglwDA;-;-
2019-02-03;TGEsgtDA;-;-
2019-02-04;TGEgasDA;93.55;67104.00
2019-02-04;TGEglwDA;-;-
2019-02-04;TGEsgtDA;-;-
2019-02-05;TGEgasDA;92.04;86712.00
2019-02-05;TGEglwDA;-;-
2019-02-05;TGEsgtDA;-;-
2019-02-06;TGEgasDA;94.52;74544.00
2019-02-06;TGEglwDA;-;-
2019-02-06;TGEsgtDA;-;-
2019-02-07;TGEgasDA;93.32;47688.00
2019-02-07;TGEglwDA;-;-
2019-02-07;TGEsgtDA;-;-
2019-02-08;TGEgasDA;92.99;48528.00
2019-02-08;TGEglwDA;-;-
2019-02-08;TGEsgtDA;-;-
2019-02-09;TGEgasDA;87.53;24168.00
2019-02-09;TGEglwDA;-;-
2019-02-09;TGEsgtDA;-;-
2019-02-10;TGEgasDA;79.30;24048.00
2019-02-10;TGEglwDA;-;-
2019-02-10;TGEsgtDA;-;-
2019-02-11;TGEgasDA;89.68;32664.00
2019-02-11;TGEglwDA;-;-
2019-02-11;TGEsgtDA;-;-
2019-02-12;TGEgasDA;88.40;58512.00
2019-02-12;TGEglwDA;-;-
2019-02-12;TGEsgtDA;-;-
2019-02-13;TGEgasDA;88.01;39696.00
2019-02-13;TGEglwDA;-;-
2019-02-13;TGEsgtDA;-;-
2019-02-14;TGEgasDA;87.98;32088.00
2019-02-14;TGEglwDA;-;-
2019-02-14;TGEsgtDA;-;-
2019-02-15;TGEgasDA;89.33;21768.00
2019-02-15;TGEglwDA;-;-
2019-02-15;TGEsgtDA;-;-
2019-02-16;TGEgasDA;80.41;71520.00
2019-02-16;TGEglwDA;-;-
2019-02-16;TGEsgtDA;-;-
2019-02-17;TGEgasDA;79.10;14064.00
2019-02-17;TGEglwDA;-;-
2019-02-17;TGEsgtDA;-;-
2019-02-18;TGEgasDA;81.52;19632.00
2019-02-18;TGEglwDA;-;-
2019-02-18;TGEsgtDA;-;-
2019-02-19;TGEgasDA;80.48;25320.00
2019-02-19;TGEglwDA;-;-
2019-02-19;TGEsgtDA;-;-
2019-02-20;TGEgasDA;79.36;18768.00
2019-02-20;TGEglwDA;-;-
2019-02-20;TGEsgtDA;-;-
2019-02-21;TGEgasDA;87.06;7416.00
2019-02-21;TGEglwDA;-;-
2019-02-21;TGEsgtDA;-;-
2019-02-22;TGEgasDA;87.17;58752.00
2019-02-22;TGEglwDA;-;-
2019-02-22;TGEsgtDA;-;-
2019-02-23;TGEgasDA;85.47;56976.00
2019-02-23;TGEglwDA;-;-
2019-02-23;TGEsgtDA;-;-
2019-02-24;TGEgasDA;83.73;17088.00
2019-02-24;TGEglwDA;-;-
2019-02-24;TGEsgtDA;-;-
2019-02-25;TGEgasDA;85.97;31344.00
2019-02-25;TGEglwDA;-;-
2019-02-25;TGEsgtDA;-;-
2019-02-26;TGEgasDA;83.94;16728.00
2019-02-26;TGEglwDA;-;-
2019-02-26;TGEsgtDA;-;-
2019-02-27;TGEgasDA;80.44;13968.00
2019-02-27;TGEglwDA;-;-
2019-02-27;TGEsgtDA;-;-
2019-02-28;TGEgasDA;78.66;23448.00
2019-02-28;TGEglwDA;-;-
2019-02-28;TGEsgtDA;-;-
2019-03-01;TGEgasDA;85.23;104976.00
2019-03-01;TGEglwDA;-;-
2019-03-01;TGEsgtDA;-;-
2019-03-02;TGEgasDA;85.67;141792.00
2019-03-02;TGEglwDA;-;-
2019-03-02;TGEsgtDA;-;-
2019-03-03;TGEgasDA;82.29;12648.00
2019-03-03;TGEglwDA;-;-
2019-03-03;TGEsgtDA;-;-
2019-03-04;TGEgasDA;86.00;36072.00
2019-03-04;TGEglwDA;-;-
2019-03-04;TGEsgtDA;-;-
2019-03-05;TGEgasDA;84.94;52248.00
2019-03-05;TGEglwDA;-;-
2019-03-05;TGEsgtDA;-;-
2019-03-06;TGEgasDA;84.65;63336.00
2019-03-06;TGEglwDA;-;-
2019-03-06;TGEsgtDA;-;-
2019-03-07;TGEgasDA;83.20;34560.00
2019-03-07;TGEglwDA;-;-
2019-03-07;TGEsgtDA;-;-
2019-03-08;TGEgasDA;82.66;43896.00
2019-03-08;TGEglwDA;-;-
2019-03-08;TGEsgtDA;-;-
2019-03-09;TGEgasDA;79.38;27504.00
2019-03-09;TGEglwDA;-;-
2019-03-09;TGEsgtDA;-;-
2019-03-10;TGEgasDA;80.12;16488.00
2019-03-10;TGEglwDA;-;-
2019-03-10;TGEsgtDA;-;-
2019-03-11;TGEgasDA;83.41;96360.00
2019-03-11;TGEglwDA;-;-
2019-03-11;TGEsgtDA;-;-
2019-03-12;TGEgasDA;82.93;112704.00
2019-03-12;TGEglwDA;-;-
2019-03-12;TGEsgtDA;-;-
2019-03-13;TGEgasDA;82.27;90984.00
2019-03-13;TGEglwDA;-;-
2019-03-13;TGEsgtDA;-;-
2019-03-14;TGEgasDA;80.00;81912.00
2019-03-14;TGEglwDA;-;-
2019-03-14;TGEsgtDA;-;-
2019-03-15;TGEgasDA;79.11;66096.00
2019-03-15;TGEglwDA;-;-
2019-03-15;TGEsgtDA;-;-
2019-03-16;TGEgasDA;75.94;52488.00
2019-03-16;TGEglwDA;-;-
2019-03-16;TGEsgtDA;-;-
2019-03-17;TGEgasDA;68.28;6672.00
2019-03-17;TGEglwDA;-;-
2019-03-17;TGEsgtDA;-;-
2019-03-18;TGEgasDA;74.89;48192.00
2019-03-18;TGEglwDA;-;-
2019-03-18;TGEsgtDA;-;-
2019-03-19;TGEgasDA;74.80;79968.00
2019-03-19;TGEglwDA;-;-
2019-03-19;TGEsgtDA;-;-
2019-03-20;TGEgasDA;76.41;77184.00
2019-03-20;TGEglwDA;-;-
2019-03-20;TGEsgtDA;-;-
2019-03-21;TGEgasDA;73.92;54744.00
2019-03-21;TGEglwDA;-;-
2019-03-21;TGEsgtDA;-;-
2019-03-22;TGEgasDA;73.30;41232.00
2019-03-22;TGEglwDA;-;-
2019-03-22;TGEsgtDA;-;-
2019-03-23;TGEgasDA;64.44;36024.00
2019-03-23;TGEglwDA;-;-
2019-03-23;TGEsgtDA;-;-
2019-03-24;TGEgasDA;67.00;2208.00
2019-03-24;TGEglwDA;-;-
2019-03-24;TGEsgtDA;-;-
2019-03-25;TGEgasDA;73.01;48144.00
2019-03-25;TGEglwDA;-;-
2019-03-25;TGEsgtDA;-;-
2019-03-26;TGEgasDA;72.03;78864.00
2019-03-26;TGEglwDA;-;-
2019-03-26;TGEsgtDA;-;-
2019-03-27;TGEgasDA;71.92;79944.00
2019-03-27;TGEglwDA;-;-
2019-03-27;TGEsgtDA;-;-
2019-03-28;TGEgasDA;73.04;52776.00
2019-03-28;TGEglwDA;-;-
2019-03-28;TGEsgtDA;-;-
2019-03-29;TGEgasDA;72.84;10656.00
2019-03-29;TGEglwDA;-;-
2019-03-29;TGEsgtDA;-;-
2019-03-30;TGEgasDA;62.66;43595.00
2019-03-30;TGEglwDA;-;-
2019-03-30;TGEsgtDA;-;-
2019-03-31;TGEgasDA;61.70;3384.00
2019-03-31;TGEglwDA;-;-
2019-03-31;TGEsgtDA;-;-
2019-04-01;TGEgasDA;74.08;128808.00
2019-04-01;TGEglwDA;-;-
2019-04-01;TGEsgtDA;-;-
2019-04-02;TGEgasDA;73.87;102000.00
2019-04-02;TGEglwDA;-;-
2019-04-02;TGEsgtDA;-;-
2019-04-03;TGEgasDA;69.89;75384.00
2019-04-03;TGEglwDA;-;-
2019-04-03;TGEsgtDA;-;-
2019-04-04;TGEgasDA;69.98;74712.00
2019-04-04;TGEglwDA;-;-
2019-04-04;TGEsgtDA;-;-
2019-04-05;TGEgasDA;74.47;22296.00
2019-04-05;TGEglwDA;-;-
2019-04-05;TGEsgtDA;-;-
2019-04-06;TGEgasDA;77.65;30720.00
2019-04-06;TGEglwDA;-;-
2019-04-06;TGEsgtDA;-;-
2019-04-07;TGEgasDA;79.84;14208.00
2019-04-07;TGEglwDA;-;-
2019-04-07;TGEsgtDA;-;-
2019-04-08;TGEgasDA;82.40;63816.00
2019-04-08;TGEglwDA;-;-
2019-04-08;TGEsgtDA;-;-
2019-04-09;TGEgasDA;79.51;82056.00
2019-04-09;TGEglwDA;-;-
2019-04-09;TGEsgtDA;-;-
2019-04-10;TGEgasDA;81.78;119160.00
2019-04-10;TGEglwDA;-;-
2019-04-10;TGEsgtDA;-;-
2019-04-11;TGEgasDA;85.61;138792.00
2019-04-11;TGEglwDA;-;-
2019-04-11;TGEsgtDA;-;-
2019-04-12;TGEgasDA;78.97;147192.00
2019-04-12;TGEglwDA;-;-
2019-04-12;TGEsgtDA;-;-
2019-04-13;TGEgasDA;80.63;283344.00
2019-04-13;TGEglwDA;-;-
2019-04-13;TGEsgtDA;-;-
2019-04-14;TGEgasDA;80.07;21624.00
2019-04-14;TGEglwDA;-;-
2019-04-14;TGEsgtDA;-;-
2019-04-15;TGEgasDA;80.49;141624.00
2019-04-15;TGEglwDA;-;-
2019-04-15;TGEsgtDA;-;-
2019-04-16;TGEgasDA;79.54;119592.00
2019-04-16;TGEglwDA;-;-
2019-04-16;TGEsgtDA;-;-
2019-04-17;TGEgasDA;74.55;89832.00
2019-04-17;TGEglwDA;-;-
2019-04-17;TGEsgtDA;-;-
2019-04-18;TGEgasDA;74.65;41640.00
2019-04-18;TGEglwDA;-;-
2019-04-18;TGEsgtDA;-;-
2019-04-19;TGEgasDA;74.22;32112.00
2019-04-19;TGEglwDA;-;-
2019-04-19;TGEsgtDA;-;-
2019-04-20;TGEgasDA;69.95;24720.00
2019-04-20;TGEglwDA;-;-
2019-04-20;TGEsgtDA;-;-
2019-04-21;TGEgasDA;66.96;6984.00
2019-04-21;TGEglwDA;-;-
2019-04-21;TGEsgtDA;-;-
2019-04-22;TGEgasDA;65.26;25416.00
2019-04-22;TGEglwDA;-;-
2019-04-22;TGEsgtDA;-;-
2019-04-23;TGEgasDA;72.43;17376.00
2019-04-23;TGEglwDA;-;-
2019-04-23;TGEsgtDA;-;-
2019-04-24;TGEgasDA;71.18;14496.00
2019-04-24;TGEglwDA;-;-
2019-04-24;TGEsgtDA;-;-
2019-04-25;TGEgasDA;71.24;15360.00
2019-04-25;TGEglwDA;-;-
2019-04-25;TGEsgtDA;-;-
2019-04-26;TGEgasDA;70.18;36096.00
2019-04-26;TGEglwDA;-;-
2019-04-26;TGEsgtDA;-;-
2019-04-27;TGEgasDA;70.48;27144.00
2019-04-27;TGEglwDA;-;-
2019-04-27;TGEsgtDA;-;-
2019-04-28;TGEgasDA;70.81;5376.00
2019-04-28;TGEglwDA;-;-
2019-04-28;TGEsgtDA;-;-
2019-04-29;TGEgasDA;71.35;26520.00
2019-04-29;TGEglwDA;-;-
2019-04-29;TGEsgtDA;-;-
2019-04-30;TGEgasDA;73.08;18672.00
2019-04-30;TGEglwDA;-;-
2019-04-30;TGEsgtDA;-;-
2019-05-01;TGEgasDA;69.16;8760.00
2019-05-01;TGEglwDA;-;-
2019-05-01;TGEsgtDA;-;-
2019-05-02;TGEgasDA;69.21;14016.00
2019-05-02;TGEglwDA;-;-
2019-05-02;TGEsgtDA;-;-
2019-05-03;TGEgasDA;69.06;10368.00
2019-05-03;TGEglwDA;-;-
2019-05-03;TGEsgtDA;-;-
2019-05-04;TGEgasDA;72.42;19536.00
2019-05-04;TGEglwDA;-;-
2019-05-04;TGEsgtDA;-;-
2019-05-05;TGEgasDA;72.45;24816.00
2019-05-05;TGEglwDA;-;-
2019-05-05;TGEsgtDA;-;-
2019-05-06;TGEgasDA;73.04;60696.00
2019-05-06;TGEglwDA;-;-
2019-05-06;TGEsgtDA;-;-
2019-05-07;TGEgasDA;73.64;108408.00
2019-05-07;TGEglwDA;-;-
2019-05-07;TGEsgtDA;-;-
2019-05-08;TGEgasDA;73.86;83568.00
2019-05-08;TGEglwDA;-;-
2019-05-08;TGEsgtDA;-;-
2019-05-09;TGEgasDA;72.03;76800.00
2019-05-09;TGEglwDA;-;-
2019-05-09;TGEsgtDA;-;-
2019-05-10;TGEgasDA;72.78;71328.00
2019-05-10;TGEglwDA;-;-
2019-05-10;TGEsgtDA;-;-
2019-05-11;TGEgasDA;70.54;1344.00
2019-05-11;TGEglwDA;-;-
2019-05-11;TGEsgtDA;-;-
2019-05-12;TGEgasDA;66.20;1032.00
2019-05-12;TGEglwDA;-;-
2019-05-12;TGEsgtDA;-;-
2019-05-13;TGEgasDA;70.65;65880.00
2019-05-13;TGEglwDA;-;-
2019-05-13;TGEsgtDA;-;-
2019-05-14;TGEgasDA;71.16;78576.00
2019-05-14;TGEglwDA;-;-
2019-05-14;TGEsgtDA;-;-
2019-05-15;TGEgasDA;70.03;72216.00
2019-05-15;TGEglwDA;-;-
2019-05-15;TGEsgtDA;-;-
2019-05-16;TGEgasDA;70.04;66912.00
2019-05-16;TGEglwDA;-;-
2019-05-16;TGEsgtDA;-;-
2019-05-17;TGEgasDA;69.88;54000.00
2019-05-17;TGEglwDA;-;-
2019-05-17;TGEsgtDA;-;-
2019-05-18;TGEgasDA;60.51;2664.00
2019-05-18;TGEglwDA;-;-
2019-05-18;TGEsgtDA;-;-
2019-05-19;TGEgasDA;56.60;7992.00
2019-05-19;TGEglwDA;-;-
2019-05-19;TGEsgtDA;-;-
2019-05-20;TGEgasDA;63.41;10656.00
2019-05-20;TGEglwDA;-;-
2019-05-20;TGEsgtDA;-;-
2019-05-21;TGEgasDA;64.78;12144.00
2019-05-21;TGEglwDA;-;-
2019-05-21;TGEsgtDA;-;-
2019-05-22;TGEgasDA;62.62;16536.00
2019-05-22;TGEglwDA;-;-
2019-05-22;TGEsgtDA;-;-
2019-05-23;TGEgasDA;62.89;28008.00
2019-05-23;TGEglwDA;-;-
2019-05-23;TGEsgtDA;-;-
2019-05-24;TGEgasDA;61.39;20304.00
2019-05-24;TGEglwDA;-;-
2019-05-24;TGEsgtDA;-;-
2019-05-25;TGEgasDA;58.35;936.00
2019-05-25;TGEglwDA;-;-
2019-05-25;TGEsgtDA;-;-
2019-05-26;TGEgasDA;54.10;10032.00
2019-05-26;TGEglwDA;-;-
2019-05-26;TGEsgtDA;-;-
2019-05-27;TGEgasDA;60.79;9072.00
2019-05-27;TGEglwDA;-;-
2019-05-27;TGEsgtDA;-;-
2019-05-28;TGEgasDA;60.31;9672.00
2019-05-28;TGEglwDA;-;-
2019-05-28;TGEsgtDA;-;-
2019-05-29;TGEgasDA;60.99;21648.00
2019-05-29;TGEglwDA;-;-
2019-05-29;TGEsgtDA;-;-
2019-05-30;TGEgasDA;61.53;19176.00
2019-05-30;TGEglwDA;-;-
2019-05-30;TGEsgtDA;-;-
2019-05-31;TGEgasDA;58.27;14616.00
2019-05-31;TGEglwDA;-;-
2019-05-31;TGEsgtDA;-;-
2019-06-01;TGEgasDA;54.49;960.00
2019-06-01;TGEglwDA;-;-
2019-06-01;TGEsgtDA;-;-
2019-06-02;TGEgasDA;48.59;1080.00
2019-06-02;TGEglwDA;-;-
2019-06-02;TGEsgtDA;-;-
2019-06-03;TGEgasDA;52.86;7152.00
2019-06-03;TGEglwDA;-;-
2019-06-03;TGEsgtDA;-;-
2019-06-04;TGEgasDA;50.98;10368.00
2019-06-04;TGEglwDA;-;-
2019-06-04;TGEsgtDA;-;-
2019-06-05;TGEgasDA;51.61;14112.00
2019-06-05;TGEglwDA;-;-
2019-06-05;TGEsgtDA;-;-
2019-06-06;TGEgasDA;54.51;11160.00
2019-06-06;TGEglwDA;-;-
2019-06-06;TGEsgtDA;-;-
2019-06-07;TGEgasDA;53.55;9024.00
2019-06-07;TGEglwDA;-;-
2019-06-07;TGEsgtDA;-;-
2019-06-08;TGEgasDA;47.91;2232.00
2019-06-08;TGEglwDA;-;-
2019-06-08;TGEsgtDA;-;-
2019-06-09;TGEgasDA;47.22;7464.00
2019-06-09;TGEglwDA;-;-
2019-06-09;TGEsgtDA;-;-
2019-06-10;TGEgasDA;52.49;9216.00
2019-06-10;TGEglwDA;-;-
2019-06-10;TGEsgtDA;-;-
2019-06-11;TGEgasDA;55.05;9552.00
2019-06-11;TGEglwDA;-;-
2019-06-11;TGEsgtDA;-;-
2019-06-12;TGEgasDA;54.60;15528.00
2019-06-12;TGEglwDA;-;-
2019-06-12;TGEsgtDA;-;-
2019-06-13;TGEgasDA;52.45;16224.00
2019-06-13;TGEglwDA;-;-
2019-06-13;TGEsgtDA;-;-
2019-06-14;TGEgasDA;54.41;13008.00
2019-06-14;TGEglwDA;-;-
2019-06-14;TGEsgtDA;-;-
2019-06-15;TGEgasDA;47.95;2208.00
2019-06-15;TGEglwDA;-;-
2019-06-15;TGEsgtDA;-;-
2019-06-16;TGEgasDA;46.27;7536.00
2019-06-16;TGEglwDA;-;-
2019-06-16;TGEsgtDA;-;-
2019-06-17;TGEgasDA;53.10;9984.00
2019-06-17;TGEglwDA;-;-
2019-06-17;TGEsgtDA;-;-
2019-06-18;TGEgasDA;53.29;13296.00
2019-06-18;TGEglwDA;-;-
2019-06-18;TGEsgtDA;-;-
2019-06-19;TGEgasDA;53.26;12240.00
2019-06-19;TGEglwDA;-;-
2019-06-19;TGEsgtDA;-;-
2019-06-20;TGEgasDA;45.89;12768.00
2019-06-20;TGEglwDA;-;-
2019-06-20;TGEsgtDA;-;-
2019-06-21;TGEgasDA;47.16;11712.00
2019-06-21;TGEglwDA;-;-
2019-06-21;TGEsgtDA;-;-
2019-06-22;TGEgasDA;42.29;3600.00
2019-06-22;TGEglwDA;-;-
2019-06-22;TGEsgtDA;-;-
2019-06-23;TGEgasDA;43.90;8160.00
2019-06-23;TGEglwDA;-;-
2019-06-23;TGEsgtDA;-;-
2019-06-24;TGEgasDA;49.86;17208.00
2019-06-24;TGEglwDA;-;-
2019-06-24;TGEsgtDA;-;-
2019-06-25;TGEgasDA;49.48;11184.00
2019-06-25;TGEglwDA;-;-
2019-06-25;TGEsgtDA;-;-
2019-06-26;TGEgasDA;47.52;11808.00
2019-06-26;TGEglwDA;-;-
2019-06-26;TGEsgtDA;-;-
2019-06-27;TGEgasDA;46.69;12864.00
2019-06-27;TGEglwDA;-;-
2019-06-27;TGEsgtDA;-;-
2019-06-28;TGEgasDA;45.41;6648.00
2019-06-28;TGEglwDA;-;-
2019-06-28;TGEsgtDA;-;-
2019-06-29;TGEgasDA;39.91;1176.00
2019-06-29;TGEglwDA;-;-
2019-06-29;TGEsgtDA;-;-
2019-06-30;TGEgasDA;39.88;6384.00
2019-06-30;TGEglwDA;-;-
2019-06-30;TGEsgtDA;-;-
2019-07-01;TGEgasDA;44.79;12816.00
2019-07-01;TGEglwDA;-;-
2019-07-01;TGEsgtDA;-;-
2019-07-02;TGEgasDA;48.64;11160.00
2019-07-02;TGEglwDA;-;-
2019-07-02;TGEsgtDA;-;-
2019-07-03;TGEgasDA;50.32;15744.00
2019-07-03;TGEglwDA;-;-
2019-07-03;TGEsgtDA;-;-
2019-07-04;TGEgasDA;50.13;13680.00
2019-07-04;TGEglwDA;-;-
2019-07-04;TGEsgtDA;-;-
2019-07-05;TGEgasDA;49.54;12120.00
2019-07-05;TGEglwDA;-;-
2019-07-05;TGEsgtDA;-;-
2019-07-06;TGEgasDA;45.36;1080.00
2019-07-06;TGEglwDA;-;-
2019-07-06;TGEsgtDA;-;-
2019-07-07;TGEgasDA;46.55;4608.00
2019-07-07;TGEglwDA;-;-
2019-07-07;TGEsgtDA;-;-
2019-07-08;TGEgasDA;51.57;13320.00
2019-07-08;TGEglwDA;-;-
2019-07-08;TGEsgtDA;-;-
2019-07-09;TGEgasDA;54.59;21192.00
2019-07-09;TGEglwDA;-;-
2019-07-09;TGEsgtDA;-;-
2019-07-10;TGEgasDA;59.51;21696.00
2019-07-10;TGEglwDA;-;-
2019-07-10;TGEsgtDA;-;-
2019-07-11;TGEgasDA;55.73;24984.00
2019-07-11;TGEglwDA;-;-
2019-07-11;TGEsgtDA;-;-
2019-07-12;TGEgasDA;60.31;23424.00
2019-07-12;TGEglwDA;-;-
2019-07-12;TGEsgtDA;-;-
2019-07-13;TGEgasDA;55.02;1512.00
2019-07-13;TGEglwDA;-;-
2019-07-13;TGEsgtDA;-;-
2019-07-14;TGEgasDA;54.42;888.00
2019-07-14;TGEglwDA;-;-
2019-07-14;TGEsgtDA;-;-
2019-07-15;TGEgasDA;59.96;20808.00
2019-07-15;TGEglwDA;-;-
2019-07-15;TGEsgtDA;-;-
2019-07-16;TGEgasDA;65.38;16032.00
2019-07-16;TGEglwDA;-;-
2019-07-16;TGEsgtDA;-;-
2019-07-17;TGEgasDA;58.91;25512.00
2019-07-17;TGEglwDA;-;-
2019-07-17;TGEsgtDA;-;-
2019-07-18;TGEgasDA;54.50;23088.00
2019-07-18;TGEglwDA;-;-
2019-07-18;TGEsgtDA;-;-
2019-07-19;TGEgasDA;54.41;17904.00
2019-07-19;TGEglwDA;-;-
2019-07-19;TGEsgtDA;-;-
2019-07-20;TGEgasDA;48.95;1128.00
2019-07-20;TGEglwDA;-;-
2019-07-20;TGEsgtDA;-;-
2019-07-21;TGEgasDA;46.23;4536.00
2019-07-21;TGEglwDA;-;-
2019-07-21;TGEsgtDA;-;-
2019-07-22;TGEgasDA;53.86;10656.00
2019-07-22;TGEglwDA;-;-
2019-07-22;TGEsgtDA;-;-
2019-07-23;TGEgasDA;53.04;12552.00
2019-07-23;TGEglwDA;-;-
2019-07-23;TGEsgtDA;-;-
2019-07-24;TGEgasDA;50.86;12408.00
2019-07-24;TGEglwDA;-;-
2019-07-24;TGEsgtDA;-;-
2019-07-25;TGEgasDA;51.55;13584.00
2019-07-25;TGEglwDA;-;-
2019-07-25;TGEsgtDA;-;-
2019-07-26;TGEgasDA;50.00;9144.00
2019-07-26;TGEglwDA;-;-
2019-07-26;TGEsgtDA;-;-
2019-07-27;TGEgasDA;44.39;624.00
2019-07-27;TGEglwDA;-;-
2019-07-27;TGEsgtDA;-;-
2019-07-28;TGEgasDA;44.10;6456.00
2019-07-28;TGEglwDA;-;-
2019-07-28;TGEsgtDA;-;-
2019-07-29;TGEgasDA;48.99;8088.00
2019-07-29;TGEglwDA;-;-
2019-07-29;TGEsgtDA;-;-
2019-07-30;TGEgasDA;48.64;12240.00
2019-07-30;TGEglwDA;-;-
2019-07-30;TGEsgtDA;-;-
2019-07-31;TGEgasDA;47.95;11160.00
2019-07-31;TGEglwDA;-;-
2019-07-31;TGEsgtDA;-;-
2019-08-01;TGEgasDA;50.97;13488.00
2019-08-01;TGEglwDA;-;-
2019-08-01;TGEsgtDA;-;-
2019-08-02;TGEgasDA;52.44;9408.00
2019-08-02;TGEglwDA;-;-
2019-08-02;TGEsgtDA;-;-
2019-08-03;TGEgasDA;47.81;4080.00
2019-08-03;TGEglwDA;-;-
2019-08-03;TGEsgtDA;-;-
2019-08-04;TGEgasDA;47.99;4656.00
2019-08-04;TGEglwDA;-;-
2019-08-04;TGEsgtDA;-;-
2019-08-05;TGEgasDA;55.51;18720.00
2019-08-05;TGEglwDA;-;-
2019-08-05;TGEsgtDA;-;-
2019-08-06;TGEgasDA;51.04;9456.00
2019-08-06;TGEglwDA;-;-
2019-08-06;TGEsgtDA;-;-
2019-08-07;TGEgasDA;49.20;24648.00
2019-08-07;TGEglwDA;-;-
2019-08-07;TGEsgtDA;-;-
2019-08-08;TGEgasDA;49.55;34368.00
2019-08-08;TGEglwDA;-;-
2019-08-08;TGEsgtDA;-;-
2019-08-09;TGEgasDA;48.74;24624.00
2019-08-09;TGEglwDA;-;-
2019-08-09;TGEsgtDA;-;-
2019-08-10;TGEgasDA;48.17;1344.00
2019-08-10;TGEglwDA;-;-
2019-08-10;TGEsgtDA;-;-
2019-08-11;TGEgasDA;44.40;7104.00
2019-08-11;TGEglwDA;-;-
2019-08-11;TGEsgtDA;-;-
2019-08-12;TGEgasDA;51.56;7608.00
2019-08-12;TGEglwDA;-;-
2019-08-12;TGEsgtDA;-;-
2019-08-13;TGEgasDA;52.55;6336.00
2019-08-13;TGEglwDA;-;-
2019-08-13;TGEsgtDA;-;-
2019-08-14;TGEgasDA;52.71;6552.00
2019-08-14;TGEglwDA;-;-
2019-08-14;TGEsgtDA;-;-
2019-08-15;TGEgasDA;45.23;12768.00
2019-08-15;TGEglwDA;-;-
2019-08-15;TGEsgtDA;-;-
2019-08-16;TGEgasDA;46.23;7176.00
2019-08-16;TGEglwDA;-;-
2019-08-16;TGEsgtDA;-;-
2019-08-17;TGEgasDA;43.08;1584.00
2019-08-17;TGEglwDA;-;-
2019-08-17;TGEsgtDA;-;-
2019-08-18;TGEgasDA;41.70;4728.00
2019-08-18;TGEglwDA;-;-
2019-08-18;TGEsgtDA;-;-
2019-08-19;TGEgasDA;48.03;8808.00
2019-08-19;TGEglwDA;-;-
2019-08-19;TGEsgtDA;-;-
2019-08-20;TGEgasDA;49.60;11352.00
2019-08-20;TGEglwDA;-;-
2019-08-20;TGEsgtDA;-;-
2019-08-21;TGEgasDA;50.77;45864.00
2019-08-21;TGEglwDA;-;-
2019-08-21;TGEsgtDA;-;-
2019-08-22;TGEgasDA;51.48;18000.00
2019-08-22;TGEglwDA;-;-
2019-08-22;TGEsgtDA;-;-
2019-08-23;TGEgasDA;51.63;18480.00
2019-08-23;TGEglwDA;-;-
2019-08-23;TGEsgtDA;-;-
2019-08-24;TGEgasDA;48.29;840.00
2019-08-24;TGEglwDA;-;-
2019-08-24;TGEsgtDA;-;-
2019-08-25;TGEgasDA;49.67;15480.00
2019-08-25;TGEglwDA;-;-
2019-08-25;TGEsgtDA;-;-
2019-08-26;TGEgasDA;51.24;9816.00
2019-08-26;TGEglwDA;-;-
2019-08-26;TGEsgtDA;-;-
2019-08-27;TGEgasDA;51.83;34824.00
2019-08-27;TGEglwDA;-;-
2019-08-27;TGEsgtDA;-;-
2019-08-28;TGEgasDA;51.27;74784.00
2019-08-28;TGEglwDA;-;-
2019-08-28;TGEsgtDA;-;-
2019-08-29;TGEgasDA;52.04;63528.00
2019-08-29;TGEglwDA;-;-
2019-08-29;TGEsgtDA;-;-
2019-08-30;TGEgasDA;53.23;68520.00
2019-08-30;TGEglwDA;-;-
2019-08-30;TGEsgtDA;-;-
2019-08-31;TGEgasDA;52.03;27720.00
2019-08-31;TGEglwDA;-;-
2019-08-31;TGEsgtDA;-;-
2019-09-01;TGEgasDA;42.47;27672.00
2019-09-01;TGEglwDA;-;-
2019-09-01;TGEsgtDA;-;-
2019-09-02;TGEgasDA;47.32;47880.00
2019-09-02;TGEglwDA;-;-
2019-09-02;TGEsgtDA;-;-
2019-09-03;TGEgasDA;45.65;49032.00
2019-09-03;TGEglwDA;-;-
2019-09-03;TGEsgtDA;-;-
2019-09-04;TGEgasDA;41.72;4776.00
2019-09-04;TGEglwDA;-;-
2019-09-04;TGEsgtDA;-;-
2019-09-05;TGEgasDA;40.09;20832.00
2019-09-05;TGEglwDA;-;-
2019-09-05;TGEsgtDA;-;-
2019-09-06;TGEgasDA;41.52;39552.00
2019-09-06;TGEglwDA;-;-
2019-09-06;TGEsgtDA;-;-
2019-09-07;TGEgasDA;38.73;4728.00
2019-09-07;TGEglwDA;-;-
2019-09-07;TGEsgtDA;-;-
2019-09-08;TGEgasDA;44.00;22728.00
2019-09-08;TGEglwDA;-;-
2019-09-08;TGEsgtDA;-;-
2019-09-09;TGEgasDA;46.39;7056.00
2019-09-09;TGEglwDA;-;-
2019-09-09;TGEsgtDA;-;-
2019-09-10;TGEgasDA;49.05;3360.00
2019-09-10;TGEglwDA;-;-
2019-09-10;TGEsgtDA;-;-
2019-09-11;TGEgasDA;51.56;8592.00
2019-09-11;TGEglwDA;-;-
2019-09-11;TGEsgtDA;-;-
2019-09-12;TGEgasDA;54.39;15984.00
2019-09-12;TGEglwDA;-;-
2019-09-12;TGEsgtDA;-;-
2019-09-13;TGEgasDA;57.77;20400.00
2019-09-13;TGEglwDA;-;-
2019-09-13;TGEsgtDA;-;-
2019-09-14;TGEgasDA;53.28;2448.00
2019-09-14;TGEglwDA;-;-
2019-09-14;TGEsgtDA;-;-
2019-09-15;TGEgasDA;51.66;2664.00
2019-09-15;TGEglwDA;-;-
2019-09-15;TGEsgtDA;-;-
2019-09-16;TGEgasDA;53.79;31176.00
2019-09-16;TGEglwDA;-;-
2019-09-16;TGEsgtDA;-;-
2019-09-17;TGEgasDA;57.66;46536.00
2019-09-17;TGEglwDA;-;-
2019-09-17;TGEsgtDA;-;-
2019-09-18;TGEgasDA;54.98;57648.00
2019-09-18;TGEglwDA;-;-
2019-09-18;TGEsgtDA;-;-
2019-09-19;TGEgasDA;50.65;63504.00
2019-09-19;TGEglwDA;-;-
2019-09-19;TGEsgtDA;-;-
2019-09-20;TGEgasDA;52.32;60552.00
2019-09-20;TGEglwDA;-;-
2019-09-20;TGEsgtDA;-;-
2019-09-21;TGEgasDA;48.61;7032.00
2019-09-21;TGEglwDA;-;-
2019-09-21;TGEsgtDA;-;-
2019-09-22;TGEgasDA;47.36;2928.00
2019-09-22;TGEglwDA;-;-
2019-09-22;TGEsgtDA;-;-
2019-09-23;TGEgasDA;50.01;53664.00
2019-09-23;TGEglwDA;-;-
2019-09-23;TGEsgtDA;-;-
2019-09-24;TGEgasDA;49.48;51528.00
2019-09-24;TGEglwDA;-;-
2019-09-24;TGEsgtDA;-;-
2019-09-25;TGEgasDA;53.48;70680.00
2019-09-25;TGEglwDA;-;-
2019-09-25;TGEsgtDA;-;-
2019-09-26;TGEgasDA;53.38;60312.00
2019-09-26;TGEglwDA;-;-
2019-09-26;TGEsgtDA;-;-
2019-09-27;TGEgasDA;54.63;56472.00
2019-09-27;TGEglwDA;-;-
2019-09-27;TGEsgtDA;-;-
2019-09-28;TGEgasDA;52.82;2136.00
2019-09-28;TGEglwDA;-;-
2019-09-28;TGEsgtDA;-;-
2019-09-29;TGEgasDA;47.36;3096.00
2019-09-29;TGEglwDA;-;-
2019-09-29;TGEsgtDA;-;-
2019-09-30;TGEgasDA;51.46;58440.00
2019-09-30;TGEglwDA;-;-
2019-09-30;TGEsgtDA;-;-
2019-10-01;TGEgasDA;49.04;32280.00
2019-10-01;TGEglwDA;-;-
2019-10-01;TGEsgtDA;-;-
2019-10-02;TGEgasDA;46.62;30096.00
2019-10-02;TGEglwDA;-;-
2019-10-02;TGEsgtDA;-;-
2019-10-03;TGEgasDA;51.75;30960.00
2019-10-03;TGEglwDA;-;-
2019-10-03;TGEsgtDA;-;-
2019-10-04;TGEgasDA;57.09;33456.00
2019-10-04;TGEglwDA;-;-
2019-10-04;TGEsgtDA;-;-
2019-10-05;TGEgasDA;62.05;696.00
2019-10-05;TGEglwDA;-;-
2019-10-05;TGEsgtDA;-;-
2019-10-06;TGEgasDA;58.17;15360.00
2019-10-06;TGEglwDA;-;-
2019-10-06;TGEsgtDA;-;-
2019-10-07;TGEgasDA;60.19;87360.00
2019-10-07;TGEglwDA;-;-
2019-10-07;TGEsgtDA;-;-
2019-10-08;TGEgasDA;56.22;87792.00
2019-10-08;TGEglwDA;-;-
2019-10-08;TGEsgtDA;-;-
2019-10-09;TGEgasDA;57.18;75864.00
2019-10-09;TGEglwDA;-;-
2019-10-09;TGEsgtDA;-;-
2019-10-10;TGEgasDA;51.52;79200.00
2019-10-10;TGEglwDA;-;-
2019-10-10;TGEsgtDA;-;-
2019-10-11;TGEgasDA;45.96;58200.00
2019-10-11;TGEglwDA;-;-
2019-10-11;TGEsgtDA;-;-
2019-10-12;TGEgasDA;43.11;7848.00
2019-10-12;TGEglwDA;-;-
2019-10-12;TGEsgtDA;-;-
2019-10-13;TGEgasDA;40.38;24960.00
2019-10-13;TGEglwDA;-;-
2019-10-13;TGEsgtDA;-;-
2019-10-14;TGEgasDA;45.35;36048.00
2019-10-14;TGEglwDA;-;-
2019-10-14;TGEsgtDA;-;-
2019-10-15;TGEgasDA;47.34;31488.00
2019-10-15;TGEglwDA;-;-
2019-10-15;TGEsgtDA;-;-
2019-10-16;TGEgasDA;54.46;30864.00
2019-10-16;TGEglwDA;-;-
2019-10-16;TGEsgtDA;-;-
2019-10-17;TGEgasDA;53.37;29712.00
2019-10-17;TGEglwDA;-;-
2019-10-17;TGEsgtDA;-;-
2019-10-18;TGEgasDA;51.16;30312.00
2019-10-18;TGEglwDA;-;-
2019-10-18;TGEsgtDA;-;-
2019-10-19;TGEgasDA;47.98;4848.00
2019-10-19;TGEglwDA;-;-
2019-10-19;TGEsgtDA;-;-
2019-10-20;TGEgasDA;43.14;22536.00
2019-10-20;TGEglwDA;-;-
2019-10-20;TGEsgtDA;-;-
2019-10-21;TGEgasDA;46.09;27816.00
2019-10-21;TGEglwDA;-;-
2019-10-21;TGEsgtDA;-;-
2019-10-22;TGEgasDA;49.21;23760.00
2019-10-22;TGEglwDA;-;-
2019-10-22;TGEsgtDA;-;-
2019-10-23;TGEgasDA;51.24;29952.00
2019-10-23;TGEglwDA;-;-
2019-10-23;TGEsgtDA;-;-
2019-10-24;TGEgasDA;49.73;15984.00
2019-10-24;TGEglwDA;-;-
2019-10-24;TGEsgtDA;-;-
2019-10-25;TGEgasDA;46.88;12720.00
2019-10-25;TGEglwDA;-;-
2019-10-25;TGEsgtDA;-;-
2019-10-26;TGEgasDA;44.16;4950.00
2019-10-26;TGEglwDA;-;-
2019-10-26;TGEsgtDA;-;-
2019-10-27;TGEgasDA;47.23;8616.00
2019-10-27;TGEglwDA;-;-
2019-10-27;TGEsgtDA;-;-
2019-10-28;TGEgasDA;55.56;56616.00
2019-10-28;TGEglwDA;-;-
2019-10-28;TGEsgtDA;-;-
2019-10-29;TGEgasDA;57.03;75432.00
2019-10-29;TGEglwDA;-;-
2019-10-29;TGEsgtDA;-;-
2019-10-30;TGEgasDA;58.90;131856.00
2019-10-30;TGEglwDA;-;-
2019-10-30;TGEsgtDA;-;-
2019-10-31;TGEgasDA;56.17;163680.00
2019-10-31;TGEglwDA;-;-
2019-10-31;TGEsgtDA;-;-
2019-11-01;TGEgasDA;50.75;68616.00
2019-11-01;TGEglwDA;-;-
2019-11-01;TGEsgtDA;-;-
2019-11-02;TGEgasDA;52.27;10416.00
2019-11-02;TGEglwDA;-;-
2019-11-02;TGEsgtDA;-;-
2019-11-03;TGEgasDA;45.76;14712.00
2019-11-03;TGEglwDA;-;-
2019-11-03;TGEsgtDA;-;-
2019-11-04;TGEgasDA;54.03;19176.00
2019-11-04;TGEglwDA;-;-
2019-11-04;TGEsgtDA;-;-
2019-11-05;TGEgasDA;57.66;17832.00
2019-11-05;TGEglwDA;-;-
2019-11-05;TGEsgtDA;-;-
2019-11-06;TGEgasDA;67.44;38160.00
2019-11-06;TGEglwDA;-;-
2019-11-06;TGEsgtDA;-;-
2019-11-07;TGEgasDA;67.67;42744.00
2019-11-07;TGEglwDA;-;-
2019-11-07;TGEsgtDA;-;-
2019-11-08;TGEgasDA;67.56;42888.00
2019-11-08;TGEglwDA;-;-
2019-11-08;TGEsgtDA;-;-
2019-11-09;TGEgasDA;70.55;4968.00
2019-11-09;TGEglwDA;-;-
2019-11-09;TGEsgtDA;-;-
2019-11-10;TGEgasDA;72.18;20256.00
2019-11-10;TGEglwDA;-;-
2019-11-10;TGEsgtDA;-;-
2019-11-11;TGEgasDA;73.58;45864.00
2019-11-11;TGEglwDA;-;-
2019-11-11;TGEsgtDA;-;-
2019-11-12;TGEgasDA;74.33;58224.00
2019-11-12;TGEglwDA;-;-
2019-11-12;TGEsgtDA;-;-
2019-11-13;TGEgasDA;71.89;36120.00
2019-11-13;TGEglwDA;-;-
2019-11-13;TGEsgtDA;-;-
2019-11-14;TGEgasDA;74.29;70608.00
2019-11-14;TGEglwDA;-;-
2019-11-14;TGEsgtDA;-;-
2019-11-15;TGEgasDA;74.64;55368.00
2019-11-15;TGEglwDA;-;-
2019-11-15;TGEsgtDA;-;-
2019-11-16;TGEgasDA;72.14;7080.00
2019-11-16;TGEglwDA;-;-
2019-11-16;TGEsgtDA;-;-
2019-11-17;TGEgasDA;66.35;14520.00
2019-11-17;TGEglwDA;-;-
2019-11-17;TGEsgtDA;-;-
2019-11-18;TGEgasDA;76.35;37872.00
2019-11-18;TGEglwDA;-;-
2019-11-18;TGEsgtDA;-;-
2019-11-19;TGEgasDA;75.65;60192.00
2019-11-19;TGEglwDA;-;-
2019-11-19;TGEsgtDA;-;-
2019-11-20;TGEgasDA;75.76;67392.00
2019-11-20;TGEglwDA;-;-
2019-11-20;TGEsgtDA;-;-
2019-11-21;TGEgasDA;75.41;73824.00
2019-11-21;TGEglwDA;-;-
2019-11-21;TGEsgtDA;-;-
2019-11-22;TGEgasDA;77.06;77400.00
2019-11-22;TGEglwDA;-;-
2019-11-22;TGEsgtDA;-;-
2019-11-23;TGEgasDA;79.41;18288.00
2019-11-23;TGEglwDA;-;-
2019-11-23;TGEsgtDA;-;-
2019-11-24;TGEgasDA;79.00;39168.00
2019-11-24;TGEglwDA;-;-
2019-11-24;TGEsgtDA;-;-
2019-11-25;TGEgasDA;80.22;123360.00
2019-11-25;TGEglwDA;-;-
2019-11-25;TGEsgtDA;-;-
2019-11-26;TGEgasDA;80.48;121416.00
2019-11-26;TGEglwDA;-;-
2019-11-26;TGEsgtDA;-;-
2019-11-27;TGEgasDA;81.07;119304.00
2019-11-27;TGEglwDA;-;-
2019-11-27;TGEsgtDA;-;-
2019-11-28;TGEgasDA;79.20;67392.00
2019-11-28;TGEglwDA;-;-
2019-11-28;TGEsgtDA;-;-
2019-11-29;TGEgasDA;80.36;89304.00
2019-11-29;TGEglwDA;-;-
2019-11-29;TGEsgtDA;-;-
2019-11-30;TGEgasDA;83.44;49368.00
2019-11-30;TGEglwDA;-;-
2019-11-30;TGEsgtDA;-;-
2019-12-01;TGEgasDA;83.49;17160.00
2019-12-01;TGEglwDA;-;-
2019-12-01;TGEsgtDA;-;-
2019-12-02;TGEgasDA;83.73;110640.00
2019-12-02;TGEglwDA;-;-
2019-12-02;TGEsgtDA;-;-
2019-12-03;TGEgasDA;81.87;135744.00
2019-12-03;TGEglwDA;-;-
2019-12-03;TGEsgtDA;-;-
2019-12-04;TGEgasDA;80.42;130128.00
2019-12-04;TGEglwDA;-;-
2019-12-04;TGEsgtDA;-;-
2019-12-05;TGEgasDA;78.00;148800.00
2019-12-05;TGEglwDA;-;-
2019-12-05;TGEsgtDA;-;-
2019-12-06;TGEgasDA;77.65;117288.00
2019-12-06;TGEglwDA;-;-
2019-12-06;TGEsgtDA;-;-
2019-12-07;TGEgasDA;73.49;40200.00
2019-12-07;TGEglwDA;-;-
2019-12-07;TGEsgtDA;-;-
2019-12-08;TGEgasDA;69.29;25848.00
2019-12-08;TGEglwDA;-;-
2019-12-08;TGEsgtDA;-;-
2019-12-09;TGEgasDA;71.51;57528.00
2019-12-09;TGEglwDA;-;-
2019-12-09;TGEsgtDA;-;-
2019-12-10;TGEgasDA;71.20;69504.00
2019-12-10;TGEglwDA;-;-
2019-12-10;TGEsgtDA;-;-
2019-12-11;TGEgasDA;69.99;108576.00
2019-12-11;TGEglwDA;-;-
2019-12-11;TGEsgtDA;-;-
2019-12-12;TGEgasDA;70.97;107640.00
2019-12-12;TGEglwDA;-;-
2019-12-12;TGEsgtDA;-;-
2019-12-13;TGEgasDA;69.34;86112.00
2019-12-13;TGEglwDA;-;-
2019-12-13;TGEsgtDA;-;-
2019-12-14;TGEgasDA;69.07;37392.00
2019-12-14;TGEglwDA;-;-
2019-12-14;TGEsgtDA;-;-
2019-12-15;TGEgasDA;67.08;17160.00
2019-12-15;TGEglwDA;-;-
2019-12-15;TGEsgtDA;-;-
2019-12-16;TGEgasDA;68.63;70608.00
2019-12-16;TGEglwDA;-;-
2019-12-16;TGEsgtDA;-;-
2019-12-17;TGEgasDA;67.63;41688.00
2019-12-17;TGEglwDA;-;-
2019-12-17;TGEsgtDA;-;-
2019-12-18;TGEgasDA;66.91;43008.00
2019-12-18;TGEglwDA;-;-
2019-12-18;TGEsgtDA;-;-
2019-12-19;TGEgasDA;67.04;35304.00
2019-12-19;TGEglwDA;-;-
2019-12-19;TGEsgtDA;-;-
2019-12-20;TGEgasDA;66.00;35496.00
2019-12-20;TGEglwDA;-;-
2019-12-20;TGEsgtDA;-;-
2019-12-21;TGEgasDA;62.92;9864.00
2019-12-21;TGEglwDA;-;-
2019-12-21;TGEsgtDA;-;-
2019-12-22;TGEgasDA;59.90;7704.00
2019-12-22;TGEglwDA;-;-
2019-12-22;TGEsgtDA;-;-
2019-12-23;TGEgasDA;63.38;33384.00
2019-12-23;TGEglwDA;-;-
2019-12-23;TGEsgtDA;-;-
2019-12-24;TGEgasDA;59.85;20808.00
2019-12-24;TGEglwDA;-;-
2019-12-24;TGEsgtDA;-;-
2019-12-25;TGEgasDA;51.45;31728.00
2019-12-25;TGEglwDA;-;-
2019-12-25;TGEsgtDA;-;-
2019-12-26;TGEgasDA;52.72;22728.00
2019-12-26;TGEglwDA;-;-
2019-12-26;TGEsgtDA;-;-
2019-12-27;TGEgasDA;56.84;45336.00
2019-12-27;TGEglwDA;-;-
2019-12-27;TGEsgtDA;-;-
2019-12-28;TGEgasDA;62.10;9696.00
2019-12-28;TGEglwDA;-;-
2019-12-28;TGEsgtDA;-;-
2019-12-29;TGEgasDA;63.47;54168.00
2019-12-29;TGEglwDA;-;-
2019-12-29;TGEsgtDA;-;-
2019-12-30;TGEgasDA;62.68;118584.00
2019-12-30;TGEglwDA;-;-
2019-12-30;TGEsgtDA;-;-
2019-12-31;TGEgasDA;64.31;84000.00
2019-12-31;TGEglwDA;-;-
2019-12-31;TGEsgtDA;-;-
2020-01-01;TGEgasDA;55.51;11232.00
2020-01-01;TGEglwDA;-;-
2020-01-01;TGEsgtDA;-;-
2020-01-02;TGEgasDA;61.81;37248.00
2020-01-02;TGEglwDA;-;-
2020-01-02;TGEsgtDA;-;-
2020-01-03;TGEgasDA;63.62;35616.00
2020-01-03;TGEglwDA;-;-
2020-01-03;TGEsgtDA;-;-
2020-01-04;TGEgasDA;62.67;7584.00
2020-01-04;TGEglwDA;-;-
2020-01-04;TGEsgtDA;-;-
2020-01-05;TGEgasDA;63.32;2760.00
2020-01-05;TGEglwDA;-;-
2020-01-05;TGEsgtDA;-;-
2020-01-06;TGEgasDA;66.18;21888.00
2020-01-06;TGEglwDA;-;-
2020-01-06;TGEsgtDA;-;-
2020-01-07;TGEgasDA;66.61;79464.00
2020-01-07;TGEglwDA;-;-
2020-01-07;TGEsgtDA;-;-
2020-01-08;TGEgasDA;61.81;60144.00
2020-01-08;TGEglwDA;-;-
2020-01-08;TGEsgtDA;-;-
2020-01-09;TGEgasDA;61.14;28248.00
2020-01-09;TGEglwDA;-;-
2020-01-09;TGEsgtDA;-;-
2020-01-10;TGEgasDA;60.73;13968.00
2020-01-10;TGEglwDA;-;-
2020-01-10;TGEsgtDA;-;-
2020-01-11;TGEgasDA;54.25;3864.00
2020-01-11;TGEglwDA;-;-
2020-01-11;TGEsgtDA;-;-
2020-01-12;TGEgasDA;56.47;2256.00
2020-01-12;TGEglwDA;-;-
2020-01-12;TGEsgtDA;-;-
2020-01-13;TGEgasDA;62.81;19008.00
2020-01-13;TGEglwDA;-;-
2020-01-13;TGEsgtDA;-;-
2020-01-14;TGEgasDA;62.81;34104.00
2020-01-14;TGEglwDA;-;-
2020-01-14;TGEsgtDA;-;-
2020-01-15;TGEgasDA;61.00;21336.00
2020-01-15;TGEglwDA;-;-
2020-01-15;TGEsgtDA;-;-
2020-01-16;TGEgasDA;60.03;29448.00
2020-01-16;TGEglwDA;-;-
2020-01-16;TGEsgtDA;-;-
2020-01-17;TGEgasDA;60.46;40392.00
2020-01-17;TGEglwDA;-;-
2020-01-17;TGEsgtDA;-;-
2020-01-18;TGEgasDA;57.80;14832.00
2020-01-18;TGEglwDA;-;-
2020-01-18;TGEsgtDA;-;-
2020-01-19;TGEgasDA;58.36;18744.00
2020-01-19;TGEglwDA;-;-
2020-01-19;TGEsgtDA;-;-
2020-01-20;TGEgasDA;59.55;52968.00
2020-01-20;TGEglwDA;-;-
2020-01-20;TGEsgtDA;-;-
